file_a,file_b,label,clone_type,error,string_exact_match,string_similarity_ratio,jaccard_similarity,tfidf_cosine_similarity,markov_similarity,kl_divergence_a_to_b,kl_divergence_b_to_a,lexical_statistical_score,ast_node_type_jaccard,ast_sequence_similarity,ast_node_count_similarity,ast_depth_similarity,tree_edit_distance,tree_edit_similarity,apted_available,apted_tree_edit_distance,apted_tree_edit_similarity,structural_score,semantic_runnable,semantic_reason,semantic_function_a,semantic_function_b,semantic_tested_arity,semantic_total_cases,semantic_both_return_count,semantic_matching_return_count,semantic_successful_overlap,semantic_output_similarity,semantic_score,embedding_model,embedding_feature_count,embedding_cosine_similarity,embedding_score
submission1.py,submission2.py,1,1,,True,1.0,1.0,1.0000000000000002,1.0,0.0,0.0,1.0,1.0,1.0,1.0,1.0,0,1.0,si,0,1.0,1.0,si,ok,add,add,2,7,5,5,0.7142857142857143,1.0,1.0,text-embedding-3-small,1536,1.0,1.0
submission1.py,submission3.py,0,0,,False,0.8135593220338984,0.7777777777777778,0.9400966710533992,1.0,1.7117453552388004,1.7117453552388004,0.7891155724353501,0.7777777777777778,0.9,1.0,1.0,1,0.9,si,1,0.9,0.9005555555555556,si,ok,add,subtract,2,7,2,0,0.2857142857142857,0.0,0.0,text-embedding-3-small,1536,0.8855368649209051,0.8855368649209051
submission1.py,submission4.py,1,3,,False,0.6857142857142857,0.8888888888888888,0.9751079077924771,0.9375,0.08294678392952096,1.3032731120611527,0.8648248584391148,0.8888888888888888,0.782608695652174,0.7692307692307692,1.0,4,0.6923076923076923,si,4,0.6923076923076923,0.7965068747677443,si,ok,add,add,2,7,5,5,0.7142857142857143,1.0,1.0,text-embedding-3-small,1536,0.9699876810129873,0.9699876810129873
submission1.py,submission5.py,0,0,,False,0.7796610169491526,0.7777777777777778,0.9400966710533992,1.0,1.7117453552388004,1.7117453552388004,0.7891155724353501,0.7777777777777778,0.9,1.0,1.0,1,0.9,si,1,0.9,0.9005555555555556,si,ok,add,multiply,2,7,2,0,0.2857142857142857,0.0,0.0,text-embedding-3-small,1536,0.883533040847161,0.883533040847161
submission2.py,submission3.py,0,0,,False,0.8135593220338984,0.7777777777777778,0.9400966710533992,1.0,1.7117453552388004,1.7117453552388004,0.7891155724353501,0.7777777777777778,0.9,1.0,1.0,1,0.9,si,1,0.9,0.9005555555555556,si,ok,add,subtract,2,7,2,0,0.2857142857142857,0.0,0.0,text-embedding-3-small,1536,0.8855368649209051,0.8855368649209051
submission2.py,submission4.py,1,3,,False,0.6857142857142857,0.8888888888888888,0.9751079077924771,0.9375,0.08294678392952096,1.3032731120611527,0.8648248584391148,0.8888888888888888,0.782608695652174,0.7692307692307692,1.0,4,0.6923076923076923,si,4,0.6923076923076923,0.7965068747677443,si,ok,add,add,2,7,5,5,0.7142857142857143,1.0,1.0,text-embedding-3-small,1536,0.9699876810129873,0.9699876810129873
submission2.py,submission5.py,0,0,,False,0.7796610169491526,0.7777777777777778,0.9400966710533992,1.0,1.7117453552388004,1.7117453552388004,0.7891155724353501,0.7777777777777778,0.9,1.0,1.0,1,0.9,si,1,0.9,0.9005555555555556,si,ok,add,multiply,2,7,2,0,0.2857142857142857,0.0,0.0,text-embedding-3-small,1536,0.883533040847161,0.883533040847161
submission3.py,submission4.py,0,0,,False,0.5333333333333333,0.7,0.9299185591227206,0.9375,1.7760968430895965,2.6726693959849266,0.7385029362552019,0.7,0.6956521739130435,0.7692307692307692,1.0,5,0.6153846153846154,si,5,0.6153846153846154,0.7139130434782609,si,ok,subtract,add,2,7,2,0,0.2857142857142857,0.0,0.0,text-embedding-3-small,1536,0.8575582511809889,0.8575582511809889
submission3.py,submission5.py,0,0,,False,0.78125,0.7777777777777778,0.9400966710533992,1.0,1.7117453552388004,1.7117453552388004,0.7891155724353501,0.7777777777777778,0.9,1.0,1.0,1,0.9,si,1,0.9,0.9005555555555556,si,ok,subtract,multiply,2,7,2,0,0.2857142857142857,0.0,0.0,text-embedding-3-small,1536,0.8388937229315618,0.8388937229315618
submission4.py,submission5.py,0,0,,False,0.5066666666666667,0.7,0.9299185591227206,0.9375,2.6726693959849266,1.7760968430895965,0.7385029362552019,0.7,0.6956521739130435,0.7692307692307692,1.0,5,0.6153846153846154,si,5,0.6153846153846154,0.7139130434782609,si,ok,add,multiply,2,7,2,0,0.2857142857142857,0.0,0.0,text-embedding-3-small,1536,0.8646945447191463,0.8646945447191463
submission6.py,submission7.py,1,2,,False,0.6749482401656315,1.0,1.0,1.0,0.0,0.0,1.0,1.0,1.0,1.0,1.0,0,1.0,si,0,1.0,1.0,si,ok,bubble_sort,sort_bubble,1,10,0,0,0.0,0.0,0.0,text-embedding-3-small,1536,1.0000000000000002,1.0000000000000002
submission8.py,submission9.py,1,2,,False,0.8424908424908425,1.0,1.0,1.0,0.0,0.0,1.0,1.0,1.0,1.0,1.0,0,1.0,si,0,1.0,1.0,si,ok,fibonacci,fib,1,10,0,0,0.0,0.0,0.0,text-embedding-3-small,1536,0.9999999999999998,0.9999999999999998
submission10.py,submission11.py,0,0,,False,0.39215686274509803,0.5,0.8903824333729597,0.9039756162205141,1.9999914540835289,4.018451781826472,0.6477948481648067,0.5,0.5333333333333333,0.6071428571428572,0.8571428571428572,19,0.3214285714285714,si,18,0.3571428571428571,0.5172619047619048,si,ok,factorial_using_math,custom_factorial,1,10,0,0,0.0,0.0,0.0,text-embedding-3-small,1536,0.8788767220100945,0.8788767220100945
submission12.py,submission13.py,0,0,,False,0.540084388185654,0.42105263157894735,0.8976023828795271,0.8966958211856171,3.215832669402276,3.5621418931388993,0.6205042672474105,0.5789473684210527,0.6545454545454545,0.9642857142857143,0.7777777777777778,26,0.0714285714285714,si,16,0.4285714285714286,0.6304179008126376,si,ok,recursive_factorial,iterative_factorial,1,10,0,0,0.0,0.0,0.0,text-embedding-3-small,1536,0.9212866262748985,0.9212866262748985
submission14.py,submission15.py,1,2,,False,0.5980861244019139,1.0,0.9999999999999999,1.0,0.0,0.0,0.9999999999999998,1.0,1.0,1.0,1.0,0,1.0,si,0,1.0,1.0,si,ok,is_valid_input,validate_input,1,10,0,0,0.0,0.0,0.25,text-embedding-3-small,1536,1.0000000000000002,1.0000000000000002
submission16.py,submission17.py,0,0,,False,0.22531939605110338,0.6388888888888888,0.9861973941741192,0.9659481863563496,1.1713566314299797,1.1737581467725846,0.7727729292825272,0.696969696969697,0.8263473053892215,0.8977272727272727,1.0,30,0.6590909090909092,si,21,0.7613636363636364,0.8090489475594266,si,ok,is_valid_input,input_is_valid,1,10,0,0,0.0,0.0,0.25,text-embedding-3-small,1536,0.9606628242174625,0.9606628242174625
submission18.py,submission19.py,1,2,,False,0.42778793418647165,0.9444444444444444,0.9992276181095799,1.0,0.01566433937579916,0.19385937045496146,0.9641361096930496,1.0,1.0,1.0,1.0,0,1.0,si,0,1.0,1.0,si,ok,is_valid_integer,validate_input,1,10,0,0,0.0,0.0,0.25,text-embedding-3-small,1536,0.9808019611877808,0.9808019611877808
submission20.py,submission21.py,1,2,,False,0.49901922322479403,0.9512195121951219,0.9997364458076826,1.0,0.07441533506996002,0.07441533506996002,0.9714345400173628,1.0,1.0,1.0,1.0,0,1.0,si,0,1.0,1.0,si,ok,validate_input_is_non_negative_integer,validate_non_negative,1,10,0,0,0.0,0.0,0.25,text-embedding-3-small,1536,0.9928772063278049,0.9928772063278049
submission22.py,submission23.py,0,0,,False,0.45793499043977054,0.925,0.9990540308443706,0.9892977615588949,0.09605251817241615,0.1747423561542644,0.9512255338419037,0.8717948717948718,0.9551282051282052,1.0,1.0,12,0.9230769230769231,si,9,0.9423076923076923,0.9458333333333334,si,ok,check_non_negative_int,validate_non_negative,1,10,0,0,0.0,0.0,0.25,text-embedding-3-small,1536,0.9977692624994509,0.9977692624994509
submission24.py,submission25.py,1,2,,False,0.4870613257710032,0.8235294117647058,0.9991042831323302,1.0,0.21094455420297822,0.21094455420297822,0.9119504366656701,1.0,1.0,1.0,1.0,0,1.0,si,0,1.0,1.0,si,ok,main,run_bank_machine,0,1,0,0,0.0,0.0,0.25,text-embedding-3-small,1536,0.9527299880754688,0.9527299880754688
submission26.py,submission27.py,1,2,,False,0.7631103074141049,1.0,1.0000000000000002,1.0,0.0,0.0,1.0,1.0,1.0,1.0,1.0,0,1.0,si,0,1.0,1.0,si,ok,load_data,read_csv_data,1,10,0,0,0.0,0.0,0.25,text-embedding-3-small,1536,0.9999999999999998,0.9999999999999998
submission28.py,submission29.py,1,2,,False,0.5097365406643757,1.0,1.0,1.0,0.0,0.0,1.0,1.0,1.0,1.0,1.0,0,1.0,si,0,1.0,1.0,si,ok,create_population_data,generate_population_dataset,1,10,0,0,0.0,0.0,0.25,text-embedding-3-small,1536,1.0000000000000002,1.0000000000000002
submission30.py,submission31.py,0,0,,False,0.725925925925926,0.6896551724137931,0.9674232294996566,0.9540201795003715,1.270302687462931,0.9535460107524109,0.7826279182955466,0.75,0.7575757575757576,0.8333333333333334,1.0,38,0.4722222222222222,si,22,0.6944444444444444,0.7727272727272727,si,ok,factorial_iterative,factorial_recursive,1,10,5,4,0.5,0.8,0.8,text-embedding-3-small,1536,0.9723097455273243,0.9723097455273243
submission31.py,submission32.py,1,1,,True,1.0,1.0,0.9999999999999999,1.0,0.0,0.0,0.9999999999999998,1.0,1.0,1.0,1.0,0,1.0,si,0,1.0,1.0,si,ok,factorial_recursive,factorial_recursive,1,10,5,5,0.5,1.0,1.0,text-embedding-3-small,1536,1.0,1.0
submission33.py,submission34.py,1,0,,False,0.45569620253164556,0.8125,0.9891502592325204,0.9693149133360944,0.3929534543908961,0.4910500960819097,0.8730541448902773,0.78125,0.6985645933014354,0.6719999999999999,1.0,66,0.472,si,55,0.56,0.6996911483253588,si,ok,generate_fibonacci_iterative,generate_fibonacci_recursive,1,10,5,0,0.5,0.0,0.0,text-embedding-3-small,1536,0.8642044321858807,0.8642044321858807
submission35.py,submission36.py,0,0,,False,0.45893719806763283,0.9629629629629629,0.9850087804931564,0.964581953545359,0.033806904700753086,0.16463102433262766,0.959255284066194,0.8076923076923077,0.7741935483870968,0.8058252427184466,0.9,58,0.4368932038834952,si,41,0.6019417475728155,0.7465431593148474,si,ok,is_prime,is_prime_optimized,1,10,0,0,0.0,0.0,0.0,text-embedding-3-small,1536,0.9766359811645292,0.9766359811645292
submission35.py,submission37.py,1,2,,False,0.5728770595690748,0.9259259259259259,0.9984897787278357,1.0,0.17497038610170312,0.17497038610170312,0.9475417673881155,1.0,1.0,1.0,1.0,0,1.0,si,0,1.0,1.0,si,ok,is_prime,check_prime,1,10,5,5,0.5,1.0,1.0,text-embedding-3-small,1536,0.9744583521852636,0.9744583521852636
submission36.py,submission37.py,0,0,,False,0.2792281498297389,0.8928571428571429,0.9836951666367733,0.964581953545359,0.31160614862689756,0.2071167823562777,0.9146927232983401,0.8076923076923077,0.7741935483870968,0.8058252427184466,0.9,58,0.4368932038834952,si,41,0.6019417475728155,0.7465431593148474,si,ok,is_prime_optimized,check_prime,1,10,0,0,0.0,0.0,0.0,text-embedding-3-small,1536,0.9504134005215603,0.9504134005215603
submission35.py,submission38.py,0,0,,False,0.4167636786961583,0.7586206896551724,0.9616574843572693,0.9419919740934102,0.8184208120995347,0.7460926451467824,0.8166991257051022,0.6785714285714286,0.6229508196721312,0.83,1.0,79,0.20999999999999996,si,61,0.39,0.6329519906323184,si,ok,is_prime,sieve_of_eratosthenes,1,10,3,0,0.3,0.0,0.0,text-embedding-3-small,1536,0.899482116834991,0.899482116834991
submission36.py,submission38.py,0,0,,False,0.3301787592008412,0.7333333333333333,0.9481632117274414,0.9336155361675247,1.0308680700500077,0.78735885585761,0.7959327378786439,0.6666666666666666,0.6108374384236454,0.970873786407767,0.9,87,0.15533980582524276,si,58,0.4368932038834952,0.6527417220654582,si,ok,is_prime_optimized,sieve_of_eratosthenes,1,10,0,0,0.0,0.0,0.0,text-embedding-3-small,1536,0.8973616196450918,0.8973616196450918
submission37.py,submission38.py,0,0,,False,0.24780701754385964,0.7,0.9603982808399282,0.9419919740934102,0.9917306896419359,0.8930677693535114,0.7894833235389004,0.6785714285714286,0.6229508196721312,0.83,1.0,79,0.20999999999999996,si,61,0.39,0.6329519906323184,si,ok,check_prime,sieve_of_eratosthenes,1,10,3,0,0.3,0.0,0.0,text-embedding-3-small,1536,0.8757660102739776,0.8757660102739776
submission35.py,submission39.py,1,2,,False,0.562421185372005,1.0,1.0000000000000002,1.0,0.0,0.0,1.0,1.0,1.0,1.0,1.0,0,1.0,si,0,1.0,1.0,si,ok,is_prime,is_it_prime,1,10,5,5,0.5,1.0,1.0,text-embedding-3-small,1536,1.0,1.0
submission36.py,submission39.py,0,0,,False,0.24858757062146894,0.9629629629629629,0.9850087804931564,0.964581953545359,0.16463102433262766,0.033806904700753086,0.959255284066194,0.8076923076923077,0.7741935483870968,0.8058252427184466,0.9,58,0.4368932038834952,si,41,0.6019417475728155,0.7465431593148474,si,ok,is_prime_optimized,is_it_prime,1,10,0,0,0.0,0.0,0.0,text-embedding-3-small,1536,0.9766359811645292,0.9766359811645292
submission37.py,submission39.py,0,0,,False,0.5390070921985816,0.9259259259259259,0.9984897787278357,1.0,0.17497038610170312,0.17497038610170312,0.9475417673881155,1.0,1.0,1.0,1.0,0,1.0,si,0,1.0,1.0,si,ok,check_prime,is_it_prime,1,10,5,5,0.5,1.0,1.0,text-embedding-3-small,1536,0.9744583521852636,0.9744583521852636
submission38.py,submission39.py,0,0,,False,0.2423580786026201,0.7586206896551724,0.9616574843572693,0.9419919740934102,0.7460926451467824,0.8184208120995347,0.8166991257051022,0.6785714285714286,0.6338797814207651,0.83,1.0,79,0.20999999999999996,si,61,0.39,0.6356842310694769,si,ok,sieve_of_eratosthenes,is_it_prime,1,10,3,0,0.3,0.0,0.0,text-embedding-3-small,1536,0.899482116834991,0.899482116834991
submission40.py,submission41.py,0,0,,False,0.6235955056179775,0.88,0.9969455794326092,0.9858228757341446,0.1460799907209015,0.2643399279230802,0.9261944382302361,0.8695652173913043,0.96045197740113,0.9887640449438202,1.0,8,0.9101123595505618,si,6,0.9325842696629214,0.9421159254689928,si,ok,sort_by_age,sort_people,1,10,0,0,0.0,0.0,0.0,text-embedding-3-small,1536,0.957355691329208,0.957355691329208
submission40.py,submission42.py,1,2,,False,0.7509363295880149,1.0,0.9999999999999999,1.0,0.0,0.0,0.9999999999999998,1.0,1.0,1.0,1.0,0,1.0,si,0,1.0,1.0,si,ok,sort_by_age,sort_by_person_age,1,10,1,1,0.1,1.0,1.0,text-embedding-3-small,1536,1.0,1.0
submission41.py,submission42.py,0,0,,False,0.6732851985559567,0.88,0.9969455794326092,0.9858228757341446,0.2643399279230802,0.1460799907209015,0.9261944382302361,0.8695652173913043,0.96045197740113,0.9887640449438202,1.0,8,0.9101123595505618,si,6,0.9325842696629214,0.9421159254689928,si,ok,sort_people,sort_by_person_age,1,10,0,0,0.0,0.0,0.0,text-embedding-3-small,1536,0.957355691329208,0.957355691329208
submission40.py,submission43.py,0,0,,False,0.525,0.8214285714285714,0.9914815223015935,0.9556487219393687,0.050812665418208905,0.5018864821959128,0.8916996556370249,0.84,0.8476190476190476,0.7355371900826446,1.0,32,0.7355371900826446,si,32,0.7355371900826446,0.810896497441952,no,incompatible_function_arity,sort_by_age,custom_compare,,0,0,0,0.0,0.0,0.0,text-embedding-3-small,1536,0.9581489500710739,0.9581489500710739
submission41.py,submission43.py,0,0,,False,0.6530303030303031,0.7333333333333333,0.9862012720023028,0.9476388347546811,0.32071659721595513,0.6252691912463088,0.8411661287328521,0.7407407407407407,0.8133971291866029,0.7272727272727273,1.0,38,0.6859504132231404,si,36,0.7024793388429752,0.7713321411886005,no,incompatible_function_arity,sort_people,custom_compare,,0,0,0,0.0,0.0,0.0,text-embedding-3-small,1536,0.9332211462189505,0.9332211462189505
submission42.py,submission43.py,0,0,,False,0.4318181818181818,0.8214285714285714,0.9914815223015935,0.9556487219393687,0.050812665418208905,0.5018864821959128,0.8916996556370249,0.84,0.8476190476190476,0.7355371900826446,1.0,32,0.7355371900826446,si,32,0.7355371900826446,0.810896497441952,no,incompatible_function_arity,sort_by_person_age,custom_compare,,0,0,0,0.0,0.0,0.0,text-embedding-3-small,1536,0.9581489500710739,0.9581489500710739
submission40.py,submission44.py,1,2,,False,0.18525179856115107,0.9166666666666666,0.998954283766194,1.0,0.13528366492449492,0.13528366492449492,0.9508537102229528,1.0,1.0,1.0,1.0,0,1.0,si,0,1.0,1.0,si,ok,sort_by_age,arrange_by_age,1,10,1,1,0.1,1.0,1.0,text-embedding-3-small,1536,0.9755596262886321,0.9755596262886321
submission41.py,submission44.py,0,0,,False,0.5225694444444444,0.8076923076923077,0.9959138788563827,0.9858228757341446,0.3986214915726219,0.2813081706905362,0.8875040797850234,0.8695652173913043,0.96045197740113,0.9887640449438202,1.0,8,0.9101123595505618,si,6,0.9325842696629214,0.9421159254689928,si,ok,sort_people,arrange_by_age,1,10,0,0,0.0,0.0,0.0,text-embedding-3-small,1536,0.933145578481888,0.933145578481888
submission42.py,submission44.py,0,0,,False,0.16666666666666666,0.9166666666666666,0.998954283766194,1.0,0.13528366492449492,0.13528366492449492,0.9508537102229528,1.0,1.0,1.0,1.0,0,1.0,si,0,1.0,1.0,si,ok,sort_by_person_age,arrange_by_age,1,10,1,1,0.1,1.0,1.0,text-embedding-3-small,1536,0.9755596262886321,0.9755596262886321
submission43.py,submission44.py,0,0,,False,0.46920821114369504,0.7586206896551724,0.990664014255994,0.9556487219393687,0.6043046239017598,0.1840193905124,0.8593705064932573,0.84,0.8476190476190476,0.7355371900826446,1.0,32,0.7355371900826446,si,32,0.7355371900826446,0.810896497441952,no,incompatible_function_arity,custom_compare,arrange_by_age,,0,0,0,0.0,0.0,0.0,text-embedding-3-small,1536,0.9341031146216352,0.9341031146216352
submission45.py,submission46.py,0,0,,False,0.5744507729861676,0.8214285714285714,0.9916695826828511,0.9660847823574434,0.7230351434995884,0.31702975824310764,0.8687225410204833,0.84,0.8775510204081632,0.96,1.0,31,0.69,si,22,0.78,0.8653877551020408,si,ok,read_numbers_from_file,read_numbers,1,10,0,0,0.0,0.0,0.25,text-embedding-3-small,1536,0.8961248961423274,0.8961248961423274
submission45.py,submission47.py,1,2,,False,0.554858934169279,0.9259259259259259,0.9989177340209011,0.9870751867804299,0.1402686154298024,0.13732105619718382,0.9504923950489788,1.0,0.9743589743589743,0.9696969696969697,1.0,4,0.9595959595959596,si,4,0.9595959595959596,0.9769230769230769,si,ok,read_numbers_from_file,get_numbers_from_file,1,10,0,0,0.0,0.0,0.25,text-embedding-3-small,1536,0.9100977276327937,0.9100977276327937
submission46.py,submission47.py,0,0,,False,0.26839126919967665,0.8214285714285714,0.9908293188717591,0.9657066022925049,0.3172651580232541,0.7073494133632131,0.8690669428417175,0.84,0.8743718592964824,0.99,1.0,35,0.65,si,24,0.76,0.8630929648241206,si,ok,read_numbers,get_numbers_from_file,1,10,0,0,0.0,0.0,0.25,text-embedding-3-small,1536,0.8838318464923689,0.8838318464923689
submission45.py,submission48.py,0,0,,False,0.6396103896103896,0.7857142857142857,0.9912337689143571,0.9773213695681319,0.983242510437545,0.48119954902783657,0.8440073971110513,0.8333333333333334,0.8888888888888888,0.96875,0.9090909090909091,28,0.7083333333333333,si,17,0.8229166666666666,0.8719854797979797,si,ok,read_numbers_from_file,read_numbers_gen,1,10,0,0,0.0,0.0,0.0,text-embedding-3-small,1536,0.9696241526456507,0.9696241526456507
submission46.py,submission48.py,0,0,,False,0.471081307627829,0.8148148148148148,0.9907237009956633,0.9733017020832507,0.5735507153717608,0.48482257677703133,0.8671103770716804,0.76,0.8601036269430051,0.9299999999999999,0.9090909090909091,41,0.5900000000000001,si,22,0.78,0.8314349976448422,si,ok,read_numbers,read_numbers_gen,1,10,0,0,0.0,0.0,0.0,text-embedding-3-small,1536,0.9016036383593812,0.9016036383593812
submission47.py,submission48.py,0,0,,False,0.4129032258064516,0.7857142857142857,0.990403304751261,0.9760583639287367,0.9633657737400134,0.48272072601120464,0.8441206468650783,0.8333333333333334,0.8854166666666666,0.9393939393939394,0.9090909090909091,29,0.7070707070707071,si,18,0.8181818181818181,0.8652935606060607,si,ok,get_numbers_from_file,read_numbers_gen,1,10,0,0,0.0,0.0,0.0,text-embedding-3-small,1536,0.8867308229868548,0.8867308229868548
submission45.py,submission49.py,0,0,,False,0.6312292358803987,0.9259259259259259,0.9989177340209011,0.9870751867804299,0.1402686154298024,0.13732105619718382,0.9504923950489788,1.0,0.9743589743589743,0.9696969696969697,1.0,4,0.9595959595959596,si,4,0.9595959595959596,0.9769230769230769,si,ok,read_numbers_from_file,read_from_file,1,10,0,0,0.0,0.0,0.25,text-embedding-3-small,1536,0.9897571067750275,0.9897571067750275
submission46.py,submission49.py,0,0,,False,0.39141630901287555,0.8214285714285714,0.9908293188717591,0.9657066022925049,0.3172651580232541,0.7073494133632131,0.8690669428417175,0.84,0.8743718592964824,0.99,1.0,35,0.65,si,24,0.76,0.8630929648241206,si,ok,read_numbers,read_from_file,1,10,0,0,0.0,0.0,0.25,text-embedding-3-small,1536,0.906251312595721,0.906251312595721
submission47.py,submission49.py,1,2,,False,0.4768976897689769,0.9259259259259259,0.9992545846951368,1.0,0.13635715613573568,0.13635715613573568,0.9535551568497396,1.0,1.0,1.0,1.0,0,1.0,si,0,1.0,1.0,si,ok,get_numbers_from_file,read_from_file,1,10,0,0,0.0,0.0,0.25,text-embedding-3-small,1536,0.9004522591984787,0.9004522591984787
submission48.py,submission49.py,0,0,,False,0.5702054794520548,0.7857142857142857,0.990403304751261,0.9760583639287367,0.48272072601120464,0.9633657737400134,0.8441206468650783,0.8333333333333334,0.8854166666666666,0.9393939393939394,0.9090909090909091,29,0.7070707070707071,si,18,0.8181818181818181,0.8652935606060607,si,ok,read_numbers_gen,read_from_file,1,10,0,0,0.0,0.0,0.0,text-embedding-3-small,1536,0.9793161969243637,0.9793161969243637
submission50.py,submission51.py,0,0,,False,0.09479166666666666,0.7666666666666667,0.9892153755133063,0.9488402557809082,0.9095720172580152,0.3172836681432238,0.8404923443777483,0.65625,0.657243816254417,0.5988700564971752,0.9,107,0.3954802259887006,si,90,0.4915254237288136,0.6228490896568246,si,ok,read_student_scores,read_student_data,1,10,0,0,0.0,0.0,0.25,text-embedding-3-small,1536,0.8510903710878284,0.8510903710878284
submission50.py,submission52.py,1,0,,False,0.33905579399141633,0.9310344827586207,0.9984573955316154,0.9915839538468203,0.07581340254806353,0.08017163861635943,0.9626943984648886,1.0,0.9446064139941691,0.9378531073446328,0.9090909090909091,36,0.7966101694915254,si,17,0.903954802259887,0.9389251011872943,si,ok,read_student_scores,fetch_student_scores,1,10,0,0,0.0,0.0,0.25,text-embedding-3-small,1536,0.8758019159377114,0.8758019159377114
submission51.py,submission52.py,0,0,,False,0.11978021978021978,0.7666666666666667,0.9897680772982344,0.9519079979800653,0.31086669870191436,0.8053718435074835,0.8456719010752891,0.65625,0.6764705882352942,0.6385542168674698,0.8181818181818181,97,0.4156626506024096,si,79,0.5240963855421688,0.6351978770697765,si,ok,read_student_data,fetch_student_scores,1,10,0,0,0.0,0.0,0.25,text-embedding-3-small,1536,0.8754709449450906,0.8754709449450906
submission50.py,submission53.py,0,0,,False,0.21208576998050682,0.9,0.9772935186193673,0.9748073597986954,0.16086419342956937,0.26760344221244553,0.9228624494430042,0.90625,0.14948453608247422,0.8388625592417062,0.9090909090909091,258,0.0,si,108,0.48815165876777256,0.5818051064462971,no,incompatible_function_arity,read_student_scores,main,,0,0,0,0.0,0.0,0.0,text-embedding-3-small,1536,0.8344212973235751,0.8344212973235751
submission51.py,submission53.py,0,0,,False,0.10413625304136254,0.7419354838709677,0.9803700016038893,0.9609400247426176,0.3642740638087161,0.8894816032122712,0.8318145113902319,0.6875,0.1892744479495268,0.5023696682464456,0.8181818181818181,199,0.056872037914691975,si,144,0.31753554502369663,0.4372529075496393,no,incompatible_function_arity,read_student_data,main,,0,0,0,0.0,0.0,0.0,text-embedding-3-small,1536,0.8960643005690515,0.8960643005690515
submission52.py,submission53.py,0,0,,False,0.14929006085192698,0.9,0.9751457472709029,0.9758061107013316,0.17041880431861114,0.26829566757427964,0.9217257878797236,0.90625,0.33421750663129973,0.7867298578199052,1.0,249,0.0,si,112,0.4691943127962085,0.6235721491696732,no,incompatible_function_arity,fetch_student_scores,main,,0,0,0,0.0,0.0,0.0,text-embedding-3-small,1536,0.876245750819928,0.876245750819928
submission50.py,submission54.py,0,0,,False,0.38753734528382416,0.9310344827586207,0.9990771731337056,0.9887055049727062,0.0749409998762522,0.0793412479618012,0.9624512891063854,0.967741935483871,0.9244186046511628,0.943502824858757,0.9090909090909091,47,0.7344632768361582,si,21,0.8813559322033898,0.9214943325584865,si,ok,read_student_scores,load_student_scores,1,10,0,0,0.0,0.0,0.25,text-embedding-3-small,1536,0.9327015139729228,0.9327015139729228
submission51.py,submission54.py,0,0,,False,0.1320240043644299,0.7666666666666667,0.9923072374706388,0.95931110643396,0.30442393049980493,0.7979619329211746,0.8484874194335803,0.6875,0.6959706959706959,0.6347305389221557,0.8181818181818181,99,0.40718562874251496,si,76,0.5449101796407185,0.6519934905413947,si,ok,read_student_data,load_student_scores,1,10,0,0,0.0,0.0,0.25,text-embedding-3-small,1536,0.91467168279968,0.91467168279968
submission52.py,submission54.py,1,3,,False,0.40303165403477487,0.9310344827586207,0.9987850605346488,0.9892445971611771,0.07945846412345565,0.07942884172524686,0.9620754123615518,0.967741935483871,0.9369369369369369,0.9940119760479041,1.0,27,0.8383233532934131,si,16,0.9041916167664671,0.9481419027681343,si,ok,fetch_student_scores,load_student_scores,1,10,0,0,0.0,0.0,0.25,text-embedding-3-small,1536,0.9277961564629351,0.9277961564629351
submission53.py,submission54.py,0,0,,False,0.14285714285714285,0.9,0.9786763259951367,0.9805031945746734,0.2610065527902708,0.16116070481477748,0.9248448987495168,0.9375,0.6984126984126984,0.7914691943127963,1.0,246,0.0,si,113,0.46445497630331756,0.7201600466410893,no,incompatible_function_arity,main,load_student_scores,,0,0,0,0.0,0.0,0.0,text-embedding-3-small,1536,0.8877505241460926,0.8877505241460926
submission55.py,submission56.py,0,0,,False,0.5358283888635327,0.8620689655172413,0.9985753282066455,0.9788463753607449,0.19053338265874326,0.17764090553787637,0.9228690503485024,0.8181818181818182,0.9115646258503401,0.9090909090909091,1.0,40,0.7402597402597403,si,24,0.8441558441558441,0.8811379097093383,si,ok,read_employee_data,load_json_file,1,10,0,0,0.0,0.0,0.25,text-embedding-3-small,1536,0.9535522053790513,0.9535522053790513
submission55.py,submission57.py,0,0,,False,0.15163934426229508,0.8333333333333334,0.985630358892272,0.9744290380567519,0.2444666631440646,0.3195559797923958,0.89657977783434,0.8235294117647058,0.4985507246376812,0.6829268292682926,0.9,149,0.2731707317073171,si,118,0.42439024390243907,0.609099661073337,si,ok,read_employee_data,read_employees,1,10,0,0,0.0,0.0,0.25,text-embedding-3-small,1536,0.8620351723006491,0.8620351723006491
submission56.py,submission57.py,0,0,,False,0.06868686868686869,0.896551724137931,0.988255928727625,0.9802363779868551,0.13524255504334512,0.23768337689493604,0.9300578333720936,0.9393939393939394,0.49025069637883006,0.751219512195122,0.9,154,0.24878048780487805,si,104,0.4926829268292683,0.6609292668515442,si,ok,load_json_file,read_employees,1,10,0,0,0.0,0.0,0.25,text-embedding-3-small,1536,0.882678608396696,0.882678608396696
submission55.py,submission58.py,1,0,,False,0.6064392119173474,0.8620689655172413,0.9991275972968375,0.9835014251770428,0.18897606152362867,0.18718600888040504,0.9233979396040388,0.9032258064516129,0.9681978798586572,0.9790209790209791,1.0,14,0.9020979020979021,si,9,0.9370629370629371,0.9506666592270149,si,ok,read_employee_data,fetch_employee_data,1,10,0,0,0.0,0.0,0.25,text-embedding-3-small,1536,0.9510670290657914,0.9510670290657914
submission56.py,submission58.py,0,0,,False,0.21644612476370512,0.9285714285714286,0.9991781236923041,0.9901230454739663,0.08932654470468897,0.09482356116186166,0.9594870709151371,0.90625,0.936026936026936,0.9285714285714286,1.0,26,0.8311688311688312,si,17,0.8896103896103896,0.9214255651755653,si,ok,load_json_file,fetch_employee_data,1,10,0,0,0.0,0.0,0.25,text-embedding-3-small,1536,0.9634438143229633,0.9634438143229633
submission57.py,submission58.py,0,0,,False,0.2824524312896406,0.896551724137931,0.9857403995648625,0.9853371038410409,0.26018535017971556,0.15238677810365772,0.9275532096982888,0.9090909090909091,0.5804597701149425,0.697560975609756,0.9,154,0.24878048780487805,si,109,0.46829268292682924,0.6620550755664296,si,ok,read_employees,fetch_employee_data,1,10,0,0,0.0,0.0,0.25,text-embedding-3-small,1536,0.8524156794589947,0.8524156794589947
submission55.py,submission59.py,0,0,,False,0.472761724301279,0.7931034482758621,0.9935749220085186,0.9736484046216735,0.571704238682482,0.2081353034999229,0.8746263894155564,0.8064516129032258,0.8561643835616438,0.9210526315789473,0.8888888888888888,65,0.5723684210526316,si,42,0.7236842105263157,0.8194834652546817,si,ok,read_employee_data,load_employees,1,10,0,0,0.0,0.0,0.25,text-embedding-3-small,1536,0.9609363310251666,0.9609363310251666
submission56.py,submission59.py,0,0,,False,0.16775396085740912,0.8571428571428571,0.9937855899180728,0.9768528927099739,0.4409996784779138,0.11846954677718902,0.9069315152979268,0.8709677419354839,0.8366013071895425,0.987012987012987,0.8888888888888888,54,0.6493506493506493,si,48,0.6883116883116883,0.8267782186188258,si,ok,load_json_file,load_employees,1,10,0,0,0.0,0.0,0.25,text-embedding-3-small,1536,0.9516359851213746,0.9516359851213746
submission57.py,submission59.py,0,0,,False,0.2997912317327766,0.8275862068965517,0.978055197864549,0.9678219736628517,0.6290563123671394,0.17820851737448815,0.8777442636443696,0.8181818181818182,0.5490196078431373,0.7414634146341463,0.8,157,0.23414634146341462,si,125,0.3902439024390244,0.6091839485239772,si,ok,read_employees,load_employees,1,10,0,0,0.0,0.0,0.25,text-embedding-3-small,1536,0.86241374602632,0.86241374602632
submission58.py,submission59.py,0,0,,False,0.41846758349705304,0.8571428571428571,0.9944505718132016,0.9756044022293203,0.47010954595607823,0.1184738807455061,0.9051235792182376,0.9,0.8610169491525423,0.9407894736842105,0.8888888888888888,55,0.638157894736842,si,42,0.7236842105263157,0.8423668103875509,si,ok,fetch_employee_data,load_employees,1,10,0,0,0.0,0.0,0.25,text-embedding-3-small,1536,0.9517285558191555,0.9517285558191555
submission55.py,submission60.py,0,0,,False,0.5174632352941176,0.8620689655172413,0.9985753282066455,0.9788463753607449,0.19053338265874326,0.17764090553787637,0.9228690503485024,0.8181818181818182,0.9115646258503401,0.9090909090909091,1.0,40,0.7402597402597403,si,24,0.8441558441558441,0.8811379097093383,si,ok,read_employee_data,get_employees_from_json,1,10,0,0,0.0,0.0,0.25,text-embedding-3-small,1536,0.9535522053790513,0.9535522053790513
submission56.py,submission60.py,1,2,,False,0.3274536408864767,1.0,1.0,1.0,0.0,0.0,1.0,1.0,1.0,1.0,1.0,0,1.0,si,0,1.0,1.0,si,ok,load_json_file,get_employees_from_json,1,10,0,0,0.0,0.0,0.25,text-embedding-3-small,1536,1.0,1.0
submission57.py,submission60.py,0,0,,False,0.2073170731707317,0.896551724137931,0.988255928727625,0.9802363779868551,0.23768337689493604,0.13524255504334512,0.9300578333720936,0.9393939393939394,0.5626740947075209,0.751219512195122,0.9,154,0.24878048780487805,si,104,0.4926829268292683,0.6790351164337168,si,ok,read_employees,get_employees_from_json,1,10,0,0,0.0,0.0,0.25,text-embedding-3-small,1536,0.882678608396696,0.882678608396696
submission58.py,submission60.py,0,0,,False,0.28843407900999524,0.9285714285714286,0.9991781236923041,0.9901230454739663,0.09482356116186166,0.08932654470468897,0.9594870709151371,0.90625,0.936026936026936,0.9285714285714286,1.0,26,0.8311688311688312,si,17,0.8896103896103896,0.9214255651755653,si,ok,fetch_employee_data,get_employees_from_json,1,10,0,0,0.0,0.0,0.25,text-embedding-3-small,1536,0.9634438143229633,0.9634438143229633
submission59.py,submission60.py,0,0,,False,0.3979352416705772,0.8571428571428571,0.9937855899180728,0.9768528927099739,0.11846954677718902,0.4409996784779138,0.9069315152979268,0.8709677419354839,0.8366013071895425,0.987012987012987,0.8888888888888888,54,0.6493506493506493,si,48,0.6883116883116883,0.8267782186188258,si,ok,load_employees,get_employees_from_json,1,10,0,0,0.0,0.0,0.25,text-embedding-3-small,1536,0.9516359851213746,0.9516359851213746
submission61.py,submission62.py,1,3,,False,0.40141297366730894,0.9285714285714286,0.9993779230423655,0.9967131486025496,0.04921967051799992,0.050749541299824626,0.9682064183006635,1.0,0.8218623481781376,0.9525691699604744,1.0,48,0.8102766798418972,si,24,0.9051383399209486,0.9198924645148902,si,ok,read_books_from_xml,load_books_from_xml,1,10,0,0,0.0,0.0,0.25,text-embedding-3-small,1536,0.9325522731058654,0.9325522731058654
submission61.py,submission63.py,0,0,,False,0.28635062042634424,0.8620689655172413,0.999659471563672,0.9978546001423867,0.09620276775535007,0.0962010256540498,0.9405375937816058,0.90625,0.9921259842519685,0.9921568627450981,1.0,3,0.9882352941176471,si,3,0.9882352941176471,0.9745756137100509,si,ok,read_books_from_xml,read_books,1,10,0,0,0.0,0.0,0.25,text-embedding-3-small,1536,0.8812320451689651,0.8812320451689651
submission62.py,submission63.py,0,0,,False,0.35240866472680243,0.8620689655172413,0.9990140126136882,0.9971270009877202,0.10105206900834617,0.097983017842034,0.9396482553346098,0.90625,0.75,0.9450980392156862,1.0,51,0.8,si,27,0.8941176470588236,0.8787499999999999,si,ok,load_books_from_xml,read_books,1,10,0,0,0.0,0.0,0.25,text-embedding-3-small,1536,0.8575379370406121,0.8575379370406121
submission61.py,submission64.py,0,0,,False,0.2773285414794849,0.8333333333333334,0.9902424074072493,0.9780756496259249,0.16298530110875314,0.21034090322069024,0.9112276842489546,0.8125,0.32774674115456237,0.8908450704225352,0.9166666666666666,335,0.0,si,118,0.5845070422535211,0.6450822251947439,no,incompatible_function_arity,read_books_from_xml,main,,0,0,0,0.0,0.0,0.0,text-embedding-3-small,1536,0.9024518412711586,0.9024518412711586
submission62.py,submission64.py,0,0,,False,0.1331711766494375,0.8333333333333334,0.9882127510711408,0.9754471260757424,0.17337191603266017,0.21567913903891625,0.9089837452305508,0.8125,0.3580952380952381,0.8485915492957746,0.9166666666666666,334,0.0,si,96,0.6619718309859155,0.669570757880617,no,incompatible_function_arity,load_books_from_xml,main,,0,0,0,0.0,0.0,0.0,text-embedding-3-small,1536,0.891501758168769,0.891501758168769
submission63.py,submission64.py,0,0,,False,0.0922242314647378,0.7741935483870968,0.9884401384586639,0.9763924665773114,0.2143497822904325,0.25560925212747054,0.8860146051231961,0.7352941176470589,0.3228200371057514,0.897887323943662,0.9166666666666666,338,0.0,si,121,0.573943661971831,0.6262966966556148,no,incompatible_function_arity,read_books,main,,0,0,0,0.0,0.0,0.0,text-embedding-3-small,1536,0.860239458709869,0.860239458709869
submission61.py,submission65.py,0,0,,False,0.3117744610281924,0.8333333333333334,0.9978358072864304,0.9758282029250088,0.10991666891438942,0.20620794130316075,0.917218662361332,0.8125,0.5480572597137015,0.9328063241106719,0.9166666666666666,151,0.4031620553359684,si,66,0.7391304347826086,0.7528410606464754,si,ok,read_books_from_xml,parse_books_from_xml,1,10,0,0,0.0,0.0,0.25,text-embedding-3-small,1536,0.9298625523880025,0.9298625523880025
submission62.py,submission65.py,0,0,,False,0.1578414839797639,0.8333333333333334,0.9988908920123082,0.9771547980791996,0.11185584101556716,0.20487061492312,0.9177556417255227,0.8125,0.7211740041928721,0.979253112033195,0.9166666666666666,103,0.5726141078838174,si,42,0.8257261410788381,0.8290659768435155,si,ok,load_books_from_xml,parse_books_from_xml,1,10,0,0,0.0,0.0,0.25,text-embedding-3-small,1536,0.9171676873480761,0.9171676873480761
submission63.py,submission65.py,0,0,,False,0.1402805611222445,0.7741935483870968,0.9976593182784507,0.9754810979798277,0.15826531317079123,0.25658466639233146,0.8922938392847203,0.7352941176470589,0.47657841140529533,0.9254901960784314,0.9166666666666666,154,0.39607843137254906,si,69,0.7294117647058824,0.7155171518709317,si,ok,read_books,parse_books_from_xml,1,10,0,0,0.0,0.0,0.25,text-embedding-3-small,1536,0.8746277384523045,0.8746277384523045
submission64.py,submission65.py,0,0,,False,0.41755485893416927,0.8666666666666667,0.9862710534121585,0.9785637497780681,0.17951170688029353,0.21817754254036628,0.9184213560864549,0.8064516129032258,0.31153846153846154,0.8309859154929577,1.0,331,0.0,si,96,0.6619718309859155,0.6624143745849788,no,incompatible_function_arity,main,parse_books_from_xml,,0,0,0,0.0,0.0,0.0,text-embedding-3-small,1536,0.9166132944755547,0.9166132944755547
submission61.py,submission66.py,0,0,,False,0.27820299500831946,0.8333333333333334,0.9978358072864304,0.9758282029250088,0.10991666891438942,0.20620794130316075,0.917218662361332,0.8125,0.5480572597137015,0.9328063241106719,0.9166666666666666,151,0.4031620553359684,si,66,0.7391304347826086,0.7528410606464754,si,ok,read_books_from_xml,extract_books_from_xml,1,10,0,0,0.0,0.0,0.25,text-embedding-3-small,1536,0.940340108715568,0.940340108715568
submission62.py,submission66.py,0,0,,False,0.46429780033840945,0.8333333333333334,0.9988908920123082,0.9771547980791996,0.11185584101556716,0.20487061492312,0.9177556417255227,0.8125,0.7211740041928721,0.979253112033195,0.9166666666666666,103,0.5726141078838174,si,42,0.8257261410788381,0.8290659768435155,si,ok,load_books_from_xml,extract_books_from_xml,1,10,0,0,0.0,0.0,0.25,text-embedding-3-small,1536,0.943125047772386,0.943125047772386
submission63.py,submission66.py,0,0,,False,0.20308310991957104,0.7741935483870968,0.9976593182784507,0.9754810979798277,0.15826531317079123,0.25658466639233146,0.8922938392847203,0.7352941176470589,0.47657841140529533,0.9254901960784314,0.9166666666666666,154,0.39607843137254906,si,69,0.7294117647058824,0.7155171518709317,si,ok,read_books,extract_books_from_xml,1,10,0,0,0.0,0.0,0.25,text-embedding-3-small,1536,0.8821435269039153,0.8821435269039153
submission64.py,submission66.py,0,0,,False,0.3867924528301887,0.8666666666666667,0.9862710534121585,0.9785637497780681,0.17951170688029353,0.21817754254036628,0.9184213560864549,0.8064516129032258,0.31153846153846154,0.8309859154929577,1.0,331,0.0,si,96,0.6619718309859155,0.6624143745849788,no,incompatible_function_arity,main,extract_books_from_xml,,0,0,0,0.0,0.0,0.0,text-embedding-3-small,1536,0.9192790133178453,0.9192790133178453
submission65.py,submission66.py,1,2,,False,0.6778711484593838,0.9310344827586207,0.9999013762742552,1.0,0.0502661993486077,0.0502661993486077,0.9697086702943517,1.0,1.0,1.0,1.0,0,1.0,si,0,1.0,1.0,si,ok,parse_books_from_xml,extract_books_from_xml,1,10,0,0,0.0,0.0,0.25,text-embedding-3-small,1536,0.9632426401124617,0.9632426401124617
submission67.py,submission68.py,1,3,,False,0.2721729490022173,0.875,0.9997033085262828,0.9945245052756321,0.05926953652523409,0.11060525954858245,0.9456583269754165,1.0,0.6209523809523809,0.7100977198697068,1.0,89,0.7100977198697068,si,89,0.7100977198697068,0.7747820691794634,si,ok,main,main,0,1,0,0,0.0,0.0,0.25,text-embedding-3-small,1536,0.9732743672167965,0.9732743672167965
submission67.py,submission69.py,0,0,,False,0.3099290780141844,0.9354838709677419,0.9479336632429871,0.9429649067813407,0.1341083614885884,0.25925790110973335,0.9207468613593448,0.7727272727272727,0.6457831325301204,0.9036697247706422,0.9166666666666666,165,0.24311926605504586,si,120,0.4495412844036697,0.6780707483813485,si,ok,main,main,0,1,0,0,0.0,0.0,0.25,text-embedding-3-small,1536,0.9399901716156569,0.9399901716156569
submission68.py,submission69.py,0,0,,False,0.1458710066305003,0.8235294117647058,0.943580190071879,0.9472154476314315,0.2513915020064521,0.3292504376497824,0.8745761635769007,0.7727272727272727,0.5595238095238095,0.6416938110749186,0.9166666666666666,253,0.17589576547231267,si,196,0.3615635179153095,0.5908162006289042,si,ok,main,main,0,1,0,0,0.0,0.0,0.25,text-embedding-3-small,1536,0.9223976021487508,0.9223976021487508
submission67.py,submission70.py,0,0,,False,0.2149908592321755,0.9655172413793104,0.8674733100410238,0.9447714995454755,0.5180103121863308,0.3368183867798592,0.878964951004178,0.85,0.5912596401028277,0.7844036697247706,0.9166666666666666,254,0.0,si,124,0.4311926605504587,0.6564999253162268,no,incompatible_function_arity,main,add_patient,,0,0,0,0.0,0.0,0.0,text-embedding-3-small,1536,0.9504604897852591,0.9504604897852591
submission68.py,submission70.py,0,0,,False,0.08103928240024745,0.84375,0.8606558350565177,0.942219319307131,0.6351911673870676,0.4202569386382695,0.8306793089069191,0.85,0.5313807531380753,0.5570032573289903,0.9166666666666666,332,0.0,si,209,0.3192182410423453,0.5738278158632376,no,incompatible_function_arity,main,add_patient,,0,0,0,0.0,0.0,0.0,text-embedding-3-small,1536,0.9343295645739806,0.9343295645739806
submission69.py,submission70.py,0,0,,False,0.26012269938650306,0.9032258064516129,0.9746812087489004,0.9768955316326928,0.24590857547998435,0.06511166494159693,0.9318349394511083,0.8181818181818182,0.7554347826086957,0.868020304568528,1.0,241,0.0,si,76,0.6142131979695431,0.7669620643646797,no,incompatible_function_arity,main,add_patient,,0,0,0,0.0,0.0,0.0,text-embedding-3-small,1536,0.951644880121847,0.951644880121847
submission67.py,submission71.py,0,0,,False,0.31964549483013294,0.7878787878787878,0.9996553634197533,0.9950205047373126,0.16225819102477576,0.15225873573375526,0.9080865864232954,1.0,0.5419847328244275,0.7124183006535948,1.0,88,0.7124183006535948,si,88,0.7124183006535948,0.7560844185002245,si,ok,main,main,0,1,0,0,0.0,0.0,0.25,text-embedding-3-small,1536,0.9356804482602018,0.9356804482602018
submission68.py,submission71.py,0,0,,False,0.141643059490085,0.7941176470588235,0.9996582204897796,0.9993910354556456,0.14996964080348724,0.11764020432747195,0.9144081552841736,1.0,0.7373572593800979,0.996742671009772,1.0,26,0.9153094462540716,si,25,0.9185667752442996,0.9094207480697801,si,ok,main,main,0,1,0,0,0.0,0.0,0.25,text-embedding-3-small,1536,0.9616441029451226,0.9616441029451226
submission69.py,submission71.py,0,0,,False,0.13376413570274637,0.7428571428571429,0.9469864639630067,0.9475322750657442,0.43291768114050694,0.2870314983333299,0.8435211082894982,0.7727272727272727,0.05168986083499006,0.6437908496732025,0.9166666666666666,246,0.196078431372549,si,187,0.38888888888888884,0.47236988053851575,si,ok,main,main,0,1,0,0,0.0,0.0,0.25,text-embedding-3-small,1536,0.8809423410237734,0.8809423410237734
submission70.py,submission71.py,0,0,,False,0.08305647840531562,0.7575757575757576,0.8659453551448629,0.9425361467414437,0.5383677996943091,0.6667471584578901,0.8003640789720597,0.85,0.1509433962264151,0.5588235294117647,0.9166666666666666,329,0.0,si,207,0.32352941176470584,0.4802848686644469,no,incompatible_function_arity,add_patient,main,,0,0,0,0.0,0.0,0.0,text-embedding-3-small,1536,0.8951520633331569,0.8951520633331569
submission67.py,submission72.py,0,0,,False,0.1766598420590816,0.8484848484848485,0.8750606214291937,0.9347927498564002,0.48157185000433667,0.4366317213962614,0.841092820260095,0.7272727272727273,0.03428571428571429,0.7100977198697068,0.8333333333333334,354,0.0,si,195,0.3648208469055375,0.45332021941142464,no,incompatible_function_arity,main,add_patient,,0,0,0,0.0,0.0,0.0,text-embedding-3-small,1536,0.9211533812110246,0.9211533812110246
submission68.py,submission72.py,0,0,,False,0.15317845289762574,0.8529411764705882,0.8686600587214114,0.939043290706491,0.5193473666018767,0.41277217192917326,0.8407091148323558,0.7272727272727273,0.029315960912052116,1.0,0.8333333333333334,400,0.0,si,193,0.37133550488599354,0.49751752048168996,no,incompatible_function_arity,main,add_patient,,0,0,0,0.0,0.0,0.0,text-embedding-3-small,1536,0.941998506453216,0.941998506453216
submission69.py,submission72.py,0,0,,False,0.39884947267497606,0.8,0.979087269810571,0.9744877163917641,0.2380938770666849,0.19446282971569143,0.8930597675354304,0.9523809523809523,0.3055555555555556,0.6416938110749186,0.9090909090909091,369,0.0,si,157,0.48859934853420195,0.6006080464956687,no,incompatible_function_arity,main,add_patient,,0,0,0,0.0,0.0,0.0,text-embedding-3-small,1536,0.9357592743192235,0.9357592743192235
submission70.py,submission72.py,0,0,,False,0.14191852825229961,0.875,0.9948038205581456,0.9875213366841017,0.025938020634568966,0.16090026130693427,0.9413578873269166,0.8571428571428571,0.03765690376569038,0.5570032573289903,0.9090909090909091,207,0.32573289902280134,si,185,0.39739413680781754,0.4745206179207787,no,incompatible_function_arity,add_patient,add_patient,,0,0,0,0.0,0.0,0.0,text-embedding-3-small,1536,0.9507125284858173,0.9507125284858173
submission71.py,submission72.py,0,0,,False,0.1061180292365999,0.8787878787878788,0.8743163364688226,0.9393601181408037,0.47259790792349643,0.39793334643297645,0.8531503165271721,0.7272727272727273,0.02936378466557912,0.996742671009772,0.8333333333333334,397,0.0,si,193,0.37133550488599354,0.49704087707153743,no,incompatible_function_arity,main,add_patient,,0,0,0,0.0,0.0,0.0,text-embedding-3-small,1536,0.9252685665166502,0.9252685665166502
submission73.py,submission74.py,1,3,,False,0.711531190926276,1.0,0.9994715484004472,0.992038787777,0.004641246599556218,0.004553929707569193,0.9973339126605448,1.0,0.7251184834123223,0.6812749003984064,1.0,80,0.6812749003984064,si,80,0.6812749003984064,0.7878533260323634,si,ok,main,main,0,1,0,0,0.0,0.0,0.25,text-embedding-3-small,1536,0.9891122379401294,0.9891122379401294
submission73.py,submission75.py,0,0,,False,0.10455445544554455,0.6857142857142857,0.8893503861762877,0.9205016886393974,0.5941896313153692,0.7075336360053643,0.7777685963052848,0.6666666666666666,0.07194244604316546,0.6951219512195121,0.9090909090909091,282,0.0,si,175,0.28861788617886175,0.4330816942898009,no,incompatible_function_arity,main,add_product,,0,0,0,0.0,0.0,0.0,text-embedding-3-small,1536,0.8667859318324468,0.8667859318324468
submission74.py,submission75.py,0,0,,False,0.09239842726081259,0.6857142857142857,0.884143437097148,0.9279103289403282,0.5605594072683607,0.7041673810486174,0.7790611205703102,0.6666666666666666,0.060362173038229376,0.9800796812749004,0.9090909090909091,325,0.0,si,177,0.29482071713147406,0.4747911348326589,no,incompatible_function_arity,main,add_product,,0,0,0,0.0,0.0,0.0,text-embedding-3-small,1536,0.8768340130946246,0.8768340130946246
submission73.py,submission76.py,0,0,,False,0.1851672321861367,0.8387096774193549,0.8940994907201862,0.9343773715007323,0.4415837091892083,0.5034543867773453,0.8425398973199729,0.92,0.48725212464589235,0.9395604395604396,0.9090909090909091,226,0.0,si,121,0.3351648351648352,0.6382056385540805,no,incompatible_function_arity,main,add_product,,0,0,0,0.0,0.0,0.0,text-embedding-3-small,1536,0.858977362141326,0.858977362141326
submission74.py,submission76.py,0,0,,False,0.15135135135135136,0.8387096774193549,0.8885058248652812,0.9406562927557163,0.4532686936608322,0.5038678507637038,0.8415618984767571,0.92,0.5542725173210161,0.7250996015936255,0.9090909090909091,274,0.0,si,147,0.4143426294820717,0.6465449493230103,no,incompatible_function_arity,main,add_product,,0,0,0,0.0,0.0,0.0,text-embedding-3-small,1536,0.8629617127779429,0.8629617127779429
submission75.py,submission76.py,0,0,,False,0.3360323886639676,0.6756756756756757,0.9970555227921024,0.9799415297015681,0.3511310433973283,0.3459434805447418,0.8461165076906711,0.7241379310344828,0.7897196261682243,0.7398373983739837,1.0,108,0.5609756097560976,si,84,0.6585365853658536,0.7507940781148063,si,ok,add_product,add_product,4,1,1,1,1.0,1.0,1.0,text-embedding-3-small,1536,0.948729259170916,0.948729259170916
submission77.py,submission78.py,1,3,,False,0.9314535731648032,0.9666666666666667,0.9992442147741449,0.9910920408354709,0.00841388363176925,0.06724131564118054,0.9807019070063384,1.0,0.9217391304347826,0.8548387096774194,1.0,27,0.8548387096774194,si,27,0.8548387096774194,0.9151122019635344,si,ok,main,main,0,1,0,0,0.0,0.0,0.25,text-embedding-3-small,1536,0.9706554054593259,0.9706554054593259
submission77.py,submission79.py,0,0,,False,0.19204389574759945,0.7878787878787878,0.8892261056142161,0.9413029991761473,0.6002875321514423,0.584595022138745,0.8169853961084308,0.75,0.4985835694050991,0.8195876288659794,0.9090909090909091,225,0.0,si,130,0.3298969072164949,0.5874621997552111,no,incompatible_function_arity,main,add_customer,,0,0,0,0.0,0.0,0.0,text-embedding-3-small,1536,0.8911244675970214,0.8911244675970214
submission78.py,submission79.py,0,0,,False,0.19158075601374572,0.7647058823529411,0.881219959784391,0.9356874329840139,0.6497797577982197,0.6147628520897951,0.8034438895881112,0.75,0.5105263157894737,0.9587628865979382,0.9090909090909091,248,0.0,si,138,0.28865979381443296,0.59895304099048,no,incompatible_function_arity,main,add_customer,,0,0,0,0.0,0.0,0.0,text-embedding-3-small,1536,0.9082688648878758,0.9082688648878758
submission77.py,submission80.py,0,0,,False,0.2129673450070989,0.8387096774193549,0.9031862200704047,0.9408328279146828,0.601063876612247,0.42945844968731894,0.8427257829875,0.7777777777777778,0.11142061281337047,0.795,0.9090909090909091,227,0.0,si,118,0.41000000000000003,0.5165697996679891,no,incompatible_function_arity,main,add_customer,,0,0,0,0.0,0.0,0.0,text-embedding-3-small,1536,0.9234921212166928,0.9234921212166928
submission78.py,submission80.py,0,0,,False,0.20319432120674358,0.8125,0.8949513780745777,0.9347649736029741,0.6546763975841028,0.45984153239012876,0.8276191987158481,0.7777777777777778,0.10362694300518134,0.9299999999999999,0.9090909090909091,249,0.0,si,127,0.365,0.5213713822159418,no,incompatible_function_arity,main,add_customer,,0,0,0,0.0,0.0,0.0,text-embedding-3-small,1536,0.9310941094351108,0.9310941094351108
submission79.py,submission80.py,0,0,,False,0.5796979865771812,0.8709677419354839,0.9965174138357539,0.9922930415233371,0.19254773445570172,0.07764942605523202,0.9349003052902201,0.96,0.7868020304568528,0.97,1.0,58,0.71,si,55,0.725,0.8517005076142131,si,ok,add_customer,add_customer,3,1,1,1,1.0,1.0,1.0,text-embedding-3-small,1536,0.9467004211241454,0.9467004211241454
submission77.py,submission81.py,0,0,,False,0.5476190476190477,0.9032258064516129,0.9977337529125386,0.9847694642960687,0.08796387020678767,0.10240043198973973,0.9498597843455591,0.9583333333333334,0.5397590361445783,0.62109375,1.0,105,0.58984375,si,102,0.6015625,0.7002392382028112,si,ok,main,main,0,1,0,0,0.0,0.0,0.25,text-embedding-3-small,1536,0.9585404640375376,0.9585404640375376
submission78.py,submission81.py,1,3,,False,0.6069072564998059,0.9354838709677419,0.9989021093089475,0.9878113828334724,0.07240709356371895,0.05559310990838762,0.9658479774886896,0.9583333333333334,0.6153846153846154,0.7265625,1.0,80,0.6875,si,78,0.6953125,0.7630909455128205,si,ok,main,main,0,1,0,0,0.0,0.0,0.25,text-embedding-3-small,1536,0.9877339374974909,0.9877339374974909
submission79.py,submission81.py,0,0,,False,0.08127077946065756,0.7647058823529411,0.8771655992804122,0.9417460923763444,0.5806869251961967,0.6019847552193771,0.8065912358190134,0.7777777777777778,0.08444444444444445,0.7578125,0.9090909090909091,299,0.0,si,171,0.33203125,0.48085700757575756,no,incompatible_function_arity,add_customer,main,,0,0,0,0.0,0.0,0.0,text-embedding-3-small,1536,0.904562215086236,0.904562215086236
submission80.py,submission81.py,0,0,,False,0.23927079377136345,0.8709677419354839,0.8917279978026957,0.9407072599154604,0.36370405872464684,0.5555213261887747,0.8539728245252219,0.8076923076923077,0.08333333333333333,0.78125,0.9090909090909091,292,0.0,si,154,0.3984375,0.5099996357808858,no,incompatible_function_arity,add_customer,main,,0,0,0,0.0,0.0,0.0,text-embedding-3-small,1536,0.9377630957461345,0.9377630957461345
submission82.py,submission83.py,1,0,,False,0.6050955414012739,0.8421052631578947,0.9787449472516658,0.9796781031253081,0.500566649111828,0.21278708649680836,0.8896097226850979,0.8571428571428571,0.8539325842696629,0.9139784946236559,0.8181818181818181,52,0.4408602150537635,si,28,0.6989247311827957,0.813504092862556,si,ok,bubble_sort,selection_sort,1,10,4,4,0.4,1.0,1.0,text-embedding-3-small,1536,0.9909291103374263,0.9909291103374263
submission82.py,submission84.py,0,0,,False,0.047217537942664416,0.7391304347826086,0.9887947892788915,0.9761776552757461,0.22007586937586812,0.8502639579615704,0.8438918369456229,0.6923076923076923,0.6557377049180327,0.967741935483871,0.8181818181818181,82,0.11827956989247312,si,37,0.6021505376344086,0.7100205981221317,si,ok,bubble_sort,insertion_sort,1,10,4,4,0.4,1.0,1.0,text-embedding-3-small,1536,0.9763538555736004,0.9763538555736004
submission83.py,submission84.py,0,0,,False,0.047244094488188976,0.7727272727272727,0.982461708457803,0.9636965201238035,0.07665278166831203,0.849104816260697,0.8560127244286543,0.72,0.7657142857142857,0.9444444444444444,1.0,58,0.3555555555555555,si,38,0.5777777777777777,0.7504285714285713,si,ok,selection_sort,insertion_sort,1,10,4,4,0.4,1.0,1.0,text-embedding-3-small,1536,0.973271441899225,0.973271441899225
submission82.py,submission85.py,1,3,,False,0.7801857585139319,0.9,0.9951631359311357,0.9761540330417882,0.02472758646299834,0.28875940787376103,0.936678925545678,0.8695652173913043,0.9333333333333333,0.9117647058823529,1.0,13,0.8725490196078431,si,13,0.8725490196078431,0.9057757885763,si,ok,bubble_sort,bubble_sort_optimized,1,10,5,5,0.5,1.0,1.0,text-embedding-3-small,1536,0.9915707091732916,0.9915707091732916
submission83.py,submission85.py,0,0,,False,0.4680232558139535,0.7619047619047619,0.9846172440986958,0.9606336530471402,0.21893981043946617,0.7442377853681537,0.8510735539098215,0.75,0.7593582887700535,0.8333333333333334,0.8181818181818181,50,0.5098039215686274,si,32,0.6862745098039216,0.7525401069518717,si,ok,selection_sort,bubble_sort_optimized,1,10,4,4,0.4,1.0,1.0,text-embedding-3-small,1536,0.9857783177038691,0.9857783177038691
submission84.py,submission85.py,0,0,,False,0.07044410413476264,0.68,0.9923290063138511,0.9654651379634921,0.8579468023910888,0.48488248616854085,0.814450846202429,0.6206896551724138,0.6458333333333334,0.8823529411764706,0.8181818181818181,80,0.21568627450980393,si,45,0.5588235294117647,0.6674144461859979,si,ok,insertion_sort,bubble_sort_optimized,1,10,4,4,0.4,1.0,1.0,text-embedding-3-small,1536,0.9749245872449563,0.9749245872449563
submission82.py,submission86.py,0,0,,False,0.29504504504504503,0.5833333333333334,0.9472175891385567,0.9620900980749162,1.5490646569368696,1.7745329624033404,0.7267204552107116,0.6296296296296297,0.5735849056603773,0.5406976744186047,0.8181818181818181,148,0.13953488372093026,si,109,0.36627906976744184,0.5421287062522253,si,ok,bubble_sort,merge_sort,1,10,4,4,0.4,1.0,1.0,text-embedding-3-small,1536,0.9568913220226746,0.9568913220226746
submission83.py,submission86.py,0,0,,False,0.2860215053763441,0.6086956521739131,0.9753330012614886,0.9544951609003924,0.9182659808116105,1.3475131773652989,0.7598771331868897,0.6538461538461539,0.5680933852140078,0.4941860465116279,1.0,121,0.2965116279069767,si,100,0.41860465116279066,0.5725018793983141,si,ok,selection_sort,merge_sort,1,10,4,4,0.4,1.0,1.0,text-embedding-3-small,1536,0.9558974830813299,0.9558974830813299
submission84.py,submission86.py,0,0,,False,0.2905027932960894,0.6153846153846154,0.9724715420593589,0.9626187603815834,1.2456390457818638,1.0157862319396618,0.7627459081983391,0.7777777777777778,0.5725190839694656,0.5232558139534884,1.0,115,0.33139534883720934,si,100,0.41860465116279066,0.6027550939897824,si,ok,insertion_sort,merge_sort,1,10,4,4,0.4,1.0,1.0,text-embedding-3-small,1536,0.9494706070114187,0.9494706070114187
submission85.py,submission86.py,0,0,,False,0.2552742616033755,0.5384615384615384,0.9613994162154668,0.9605594858300183,1.7188483497197429,1.7624984425261807,0.7150449496550335,0.5666666666666667,0.583941605839416,0.5930232558139534,0.8181818181818181,146,0.15116279069767447,si,109,0.36627906976744184,0.5399741259136946,si,ok,bubble_sort_optimized,merge_sort,1,10,4,4,0.4,1.0,1.0,text-embedding-3-small,1536,0.9573064667859954,0.9573064667859954
submission97.py,submission88.py,0,0,,False,0.0,0.0,0.0,0.8571428571428572,0.7387330237367754,0.7284255066813907,0.286796817930919,0.03571428571428571,0.0106951871657754,0.005376344086021501,0.125,185,0.005376344086021501,si,185,0.005376344086021501,0.024736008773010666,no,missing_function,,,,0,0,0,0.0,0.0,0.0,tfidf,0,0.0,0.0
submission87.py,submission89.py,0,0,,False,0.03631961259079903,0.5,0.8954184999821202,0.941654054808447,1.7864923912319775,3.0771975652590173,0.6652340516060495,0.4838709677419355,0.4444444444444444,0.96875,0.9,106,0.0,si,77,0.19791666666666663,0.5025728046594982,no,incompatible_function_arity,quick_sort,bfs,,0,0,0,0.0,0.0,0.0,text-embedding-3-small,1536,0.8599392878804216,0.8599392878804216
submission88.py,submission89.py,0,0,,False,0.015429122468659595,0.5,0.888487494361325,0.9338847395997539,1.3892870110858095,2.9519961269698762,0.666401912521506,0.4444444444444444,0.4326241134751773,0.5161290322580645,0.8,182,0.021505376344086002,si,141,0.24193548387096775,0.42704491725768323,no,incompatible_function_arity,heapify,bfs,,0,0,0,0.0,0.0,0.0,text-embedding-3-small,1536,0.9175150618489657,0.9175150618489657
submission87.py,submission90.py,0,0,,False,0.04878048780487805,0.6,0.8462134868074463,0.943310482217658,1.5557123559747588,2.7201808967406187,0.6862620895283531,0.4827586206896552,0.5111111111111111,0.935483870967742,0.7777777777777778,104,0.0,si,72,0.22580645161290325,0.5101717958225189,no,incompatible_function_arity,quick_sort,dfs,,0,0,0,0.0,0.0,0.0,text-embedding-3-small,1536,0.889883970558929,0.889883970558929
submission88.py,submission90.py,0,0,,False,0.03838383838383838,0.5925925925925926,0.842475286198125,0.9436286009324136,1.2934541706272322,2.5749540420813535,0.6874076679367054,0.48484848484848486,0.3516483516483517,0.467741935483871,0.875,171,0.08064516129032262,si,136,0.26881720430107525,0.4231882364946882,si,ok,heapify,dfs,3,1,0,0,0.0,0.0,0.0,text-embedding-3-small,1536,0.9505882928783975,0.9505882928783975
submission89.py,submission90.py,1,0,,False,0.02591283863368669,0.75,0.9839406401534786,0.9715484025091318,0.5268607473863877,0.3174962595293696,0.8551211954589679,0.7307692307692307,0.7868852459016393,0.90625,0.7,56,0.41666666666666663,si,32,0.6666666666666667,0.7488126576292559,si,ok,bfs,dfs,2,7,0,0,0.0,0.0,0.0,text-embedding-3-small,1536,0.9321394770658922,0.9321394770658922
submission87.py,submission91.py,0,0,,False,0.08333333333333333,0.6,0.9393939833886248,0.9598328889698886,0.6577723457032606,2.2410524819247795,0.7354370086170201,0.5588235294117647,0.49361702127659574,0.6549295774647887,0.9,148,0.0,si,100,0.295774647887324,0.5121407921874174,no,incompatible_function_arity,quick_sort,dijkstra,,0,0,0,0.0,0.0,0.0,text-embedding-3-small,1536,0.7720240611758792,0.7720240611758792
submission88.py,submission91.py,0,0,,False,0.06777217015140591,0.5454545454545454,0.9240243440336017,0.9624658222077097,1.0830442330817784,2.27305843902883,0.7080179986380468,0.5128205128205128,0.3780487804878049,0.7634408602150538,0.8,224,0.0,si,139,0.25268817204301075,0.4673988783312151,no,incompatible_function_arity,heapify,dijkstra,,0,0,0,0.0,0.0,0.0,text-embedding-3-small,1536,0.8093270550340629,0.8093270550340629
submission89.py,submission91.py,0,0,,False,0.025682182985553772,0.6129032258064516,0.9780461350564637,0.9599085036313376,0.4524429857689457,0.8944931535253594,0.7887787982409327,0.5277777777777778,0.5798319327731093,0.676056338028169,1.0,104,0.2676056338028169,si,80,0.43661971830985913,0.582907904946016,si,ok,bfs,dijkstra,2,7,0,0,0.0,0.0,0.25,text-embedding-3-small,1536,0.8323895527712579,0.8323895527712579
submission90.py,submission91.py,0,0,,False,0.016680567139282735,0.6,0.9539152763697506,0.960361534305973,0.38954374926700835,0.9240431326352426,0.778961998280266,0.4857142857142857,0.462882096069869,0.6126760563380282,0.7,114,0.19718309859154926,si,83,0.4154929577464789,0.49941267693497227,si,ok,dfs,dijkstra,2,7,0,0,0.0,0.0,0.0,text-embedding-3-small,1536,0.8100116186819951,0.8100116186819951
submission92.py,submission93.py,1,0,,False,0.562610229276896,0.9444444444444444,0.9996893518650304,0.9844950967399947,0.09601273914425722,0.005932592089051437,0.9704390647399802,0.95,0.9879518072289156,0.992,1.0,4,0.968,si,3,0.976,0.978587951807229,si,ok,main,main,0,1,0,0,0.0,0.0,0.25,text-embedding-3-small,1536,0.9945778508634757,0.9945778508634757
submission92.py,submission94.py,0,0,,False,0.0331720801658604,0.7142857142857143,0.9399388916177789,0.9208462116725675,0.6519208525618216,0.690999763175546,0.8000924717846633,0.68,0.525974025974026,0.6830601092896175,0.9,154,0.1584699453551912,si,126,0.3114754098360656,0.5533951458377688,si,ok,main,main,0,1,0,0,0.0,0.0,0.25,text-embedding-3-small,1536,0.9537007491038043,0.9537007491038043
submission93.py,submission94.py,0,0,,False,0.03389830508474576,0.75,0.9397732087250982,0.9178354379851021,0.5568181263317895,0.6859451622266607,0.8138506378593631,0.7083333333333334,0.5407166123778502,0.6775956284153005,0.9,154,0.1584699453551912,si,126,0.3114754098360656,0.5619277869742441,si,ok,main,main,0,1,0,0,0.0,0.0,0.25,text-embedding-3-small,1536,0.9536003431930503,0.9536003431930503
submission92.py,submission95.py,0,0,,False,0.030112923462986198,0.7142857142857143,0.9286166082041359,0.9166803769388258,0.6867200773137038,0.6448204699519551,0.7962713471639203,0.68,0.08982035928143713,0.5980861244019139,0.9090909090909091,178,0.14832535885167464,si,151,0.27751196172248804,0.42233068790648365,si,ok,main,main,0,1,0,0,0.0,0.0,0.25,text-embedding-3-small,1536,0.9500942065133902,0.9500942065133902
submission93.py,submission95.py,0,0,,False,0.032059186189889025,0.75,0.928395737961141,0.9104960850402481,0.5917311371277407,0.6398660873558479,0.8093957399644448,0.7083333333333334,0.1021021021021021,0.5933014354066986,0.9090909090909091,180,0.13875598086124397,si,150,0.2822966507177034,0.4317854936275989,si,ok,main,main,0,1,0,0,0.0,0.0,0.25,text-embedding-3-small,1536,0.9500399878554325,0.9500399878554325
submission94.py,submission95.py,1,0,,False,0.8423772609819121,1.0,0.9979493068830313,0.98442626633286,0.006224077005882565,0.006308701499491269,0.9950245721010099,1.0,0.9132653061224489,0.8755980861244019,0.8181818181818181,35,0.8325358851674641,si,32,0.84688995215311,0.8955412069133873,si,ok,main,main,0,1,0,0,0.0,0.0,0.25,text-embedding-3-small,1536,0.9983366884255651,0.9983366884255651
submission92.py,submission96.py,0,0,,False,0.017921146953405017,0.6666666666666666,0.9608652119681754,0.9129496648786557,0.8190413348325878,0.5368934996184452,0.7900413223113438,0.6521739130434783,0.5134099616858238,0.9191176470588235,0.9,161,0.0,si,100,0.2647058823529411,0.5660666847948573,no,incompatible_function_arity,main,insert,,0,0,0,0.0,0.0,0.0,text-embedding-3-small,1536,0.9714859130100204,0.9714859130100204
submission93.py,submission96.py,0,0,,False,0.022727272727272728,0.7,0.961088845665397,0.9122326947739304,0.7229182657565393,0.5308445822143736,0.8037077821403737,0.6818181818181818,0.5153846153846153,0.9117647058823529,0.9,160,0.0,si,99,0.2720588235294118,0.5735921431509666,no,incompatible_function_arity,main,insert,,0,0,0,0.0,0.0,0.0,text-embedding-3-small,1536,0.9711273472848906,0.9711273472848906
submission94.py,submission96.py,0,0,,False,0.09334248455730954,0.75,0.9774596752879201,0.9538462140518291,0.5872555788448213,0.37758459115469406,0.843921669305147,0.7391304347826086,0.4702194357366771,0.7431693989071038,1.0,194,0.0,si,124,0.3224043715846995,0.5735776672021665,no,incompatible_function_arity,main,insert,,0,0,0,0.0,0.0,0.0,text-embedding-3-small,1536,0.9604884482898066,0.9604884482898066
submission95.py,submission96.py,0,0,,False,0.07356608478802992,0.75,0.9657889543855999,0.9489942535555872,0.5406474197990466,0.4052664170236448,0.8403168334789093,0.7391304347826086,0.48695652173913045,0.6507177033492824,0.8181818181818181,213,0.0,si,144,0.3110047846889952,0.542292490118577,no,incompatible_function_arity,main,insert,,0,0,0,0.0,0.0,0.0,text-embedding-3-small,1536,0.9554620825417355,0.9554620825417355
submission97.py,submission98.py,1,0,,False,0.0,0.0,0.0,0.8571428571428572,0.5389438618010829,0.5286038894315448,0.3018258895597297,0.047619047619047616,0.031746031746031744,0.016129032258064502,0.125,61,0.016129032258064502,si,61,0.016129032258064502,0.03721838197644649,no,missing_function,,,,0,0,0,0.0,0.0,0.0,tfidf,0,0.0,0.0
submission97.py,submission99.py,0,0,,False,0.0,0.0,0.0,0.8571428571428572,0.5129827292868899,0.5186046555918868,0.30337264864539715,0.05555555555555555,0.03636363636363636,0.01851851851851849,0.125,53,0.01851851851851849,si,53,0.01851851851851849,0.04103535353535352,no,missing_function,,,,0,0,0,0.0,0.0,0.0,tfidf,0,0.0,0.0
submission98.py,submission99.py,0,0,,False,0.25745257452574527,0.5652173913043478,0.9063086678664585,0.9430008209183037,2.1236124624752053,1.0281810633115276,0.70770084514319,0.56,0.7068965517241379,0.8709677419354839,1.0,33,0.467741935483871,si,28,0.5483870967741935,0.6838854282536151,si,ok,reverse_complement,gc_content,1,10,0,0,0.0,0.0,0.0,text-embedding-3-small,1536,0.8951272280697892,0.8951272280697892
submission97.py,submission100.py,1,0,,False,0.0,0.0,0.0,0.8571428571428572,1.4896890590431762,1.2232653348432434,0.25630102436783064,0.047619047619047616,0.011904761904761904,0.005988023952095856,0.11111111111111116,166,0.005988023952095856,si,166,0.005988023952095856,0.026305721889554254,no,missing_function,,,,0,0,0,0.0,0.0,0.0,tfidf,0,0.0,0.0
submission98.py,submission100.py,0,0,,False,0.23627519110493397,0.8636363636363636,0.7614065476894671,0.9622868498348537,0.6638709018288758,0.5329952393633847,0.8050927797280416,0.68,0.44541484716157204,0.37125748502994016,0.8888888888888888,129,0.22754491017964074,si,120,0.281437125748503,0.47636236115832387,si,ok,reverse_complement,rna_to_protein,1,10,1,1,0.1,1.0,1.0,text-embedding-3-small,1536,0.9532502974646228,0.9532502974646228
submission99.py,submission100.py,0,0,,False,0.2313927781871776,0.6086956521739131,0.4978908158976319,0.9190296626337731,1.3986170159042652,1.290428748347991,0.6010870757784972,0.6956521739130435,0.3891402714932127,0.32335329341317365,0.8888888888888888,139,0.16766467065868262,si,130,0.22155688622754488,0.4402744514250403,si,ok,gc_content,rna_to_protein,1,10,1,0,0.1,0.0,0.0,text-embedding-3-small,1536,0.8806873613871877,0.8806873613871877
submission97.py,submission101.py,0,0,,False,0.0,0.0,0.0,0.8571428571428572,0.6095713214137495,0.5993871677198391,0.29607960738136097,0.047619047619047616,0.02564102564102564,0.012987012987012991,0.11111111111111116,76,0.012987012987012991,si,76,0.012987012987012991,0.03288933288933289,no,missing_function,,,,0,0,0,0.0,0.0,0.0,tfidf,0,0.0,0.0
submission98.py,submission101.py,0,0,,False,0.3816631130063966,0.7727272727272727,0.9387590242243337,0.979260329606735,0.7425928613251798,0.44055615513139795,0.8349596811566378,0.5555555555555556,0.6762589928057554,0.8051948051948052,0.8888888888888888,39,0.49350649350649356,si,37,0.5194805194805194,0.6456881248248155,si,ok,reverse_complement,mutate_dna,1,10,0,0,0.0,0.0,0.0,text-embedding-3-small,1536,0.944103354906959,0.944103354906959
submission99.py,submission101.py,0,0,,False,0.2967289719626168,0.5909090909090909,0.970712472195165,0.9403860241665927,0.9236499856740344,1.434251129131989,0.7483509790435048,0.56,0.6412213740458015,0.7012987012987013,0.8888888888888888,48,0.37662337662337664,si,41,0.4675324675324676,0.6066487778548847,si,ok,gc_content,mutate_dna,1,10,0,0,0.0,0.0,0.0,text-embedding-3-small,1536,0.87428325107688,0.87428325107688
submission100.py,submission101.py,0,0,,False,0.11560693641618497,0.7391304347826086,0.5414758912243396,0.9504588300366996,0.9528484754603873,1.054350260822342,0.6740940187067856,0.6153846153846154,0.4672131147540984,0.4610778443113772,1.0,137,0.17964071856287422,si,126,0.2455089820359282,0.4826945730229327,si,ok,rna_to_protein,mutate_dna,1,10,0,0,0.0,0.0,0.0,text-embedding-3-small,1536,0.9174468011307892,0.9174468011307892
submission102.py,submission103.py,1,2,,False,0.5085427135678392,1.0,0.9999999999999998,1.0,0.0,0.0,0.9999999999999998,1.0,1.0,1.0,1.0,0,1.0,si,0,1.0,1.0,si,ok,mutate_dna,mutate_dna_sequence,1,10,0,0,0.0,0.0,0.25,text-embedding-3-small,1536,1.0,1.0
submission102.py,submission104.py,0,0,,False,0.35336322869955156,0.76,0.9959407656322552,0.9727736607791188,0.05370422799170906,0.8444923986694819,0.8593538225099238,0.84,0.8888888888888888,0.8191489361702128,1.0,18,0.8085106382978724,si,18,0.8085106382978724,0.8556477541371158,si,ok,mutate_dna,mutate_dna_sequence_with_logging,1,10,0,0,0.0,0.0,0.25,text-embedding-3-small,1536,0.8325908983166087,0.8325908983166087
submission103.py,submission104.py,1,3,,False,0.8747628083491461,0.76,0.9959407656322552,0.9727736607791188,0.05370422799170906,0.8444923986694819,0.8593538225099238,0.84,0.8888888888888888,0.8191489361702128,1.0,18,0.8085106382978724,si,18,0.8085106382978724,0.8556477541371158,si,ok,mutate_dna_sequence,mutate_dna_sequence_with_logging,1,10,0,0,0.0,0.0,0.25,text-embedding-3-small,1536,0.8325908983166087,0.8325908983166087
submission102.py,submission105.py,1,3,,False,0.8220271348762969,1.0,0.9946204127108434,0.9854727542861659,0.014902915742257251,0.015025815172743213,0.9925319277062015,0.9545454545454546,0.8461538461538461,0.7333333333333334,1.0,37,0.6476190476190475,si,30,0.7142857142857143,0.8267332667332667,si,ok,mutate_dna,mutate_dna_with_map,1,10,0,0,0.0,0.0,0.25,text-embedding-3-small,1536,0.9923220223448654,0.9923220223448654
submission103.py,submission105.py,0,0,,False,0.40436241610738255,1.0,0.9946204127108434,0.9854727542861659,0.014902915742257251,0.015025815172743213,0.9925319277062015,0.9545454545454546,0.8461538461538461,0.7333333333333334,1.0,37,0.6476190476190475,si,30,0.7142857142857143,0.8267332667332667,si,ok,mutate_dna_sequence,mutate_dna_with_map,1,10,0,0,0.0,0.0,0.25,text-embedding-3-small,1536,0.9923220223448654,0.9923220223448654
submission104.py,submission105.py,0,0,,False,0.34603658536585363,0.76,0.9910904908826088,0.9691401812740901,0.8563894613025281,0.06743664998940321,0.855962224969564,0.8076923076923077,0.8140703517587939,0.8952380952380953,1.0,47,0.5523809523809524,si,35,0.6666666666666667,0.7993417637638743,si,ok,mutate_dna_sequence_with_logging,mutate_dna_with_map,1,10,0,0,0.0,0.0,0.25,text-embedding-3-small,1536,0.8353201804211828,0.8353201804211828
submission102.py,submission106.py,0,0,,False,0.8633333333333333,0.9047619047619048,0.9596191966104822,0.9849363444857759,0.08470257353838756,0.31120177436992974,0.9232531724587801,0.9545454545454546,0.8555555555555555,0.7475728155339806,1.0,27,0.7378640776699029,si,26,0.7475728155339806,0.841205746788271,si,ok,mutate_dna,mutate_dna_enhanced,1,10,0,0,0.0,0.0,0.25,text-embedding-3-small,1536,0.9927066937110994,0.9927066937110994
submission103.py,submission106.py,0,0,,False,0.4196663740122915,0.9047619047619048,0.9596191966104822,0.9849363444857759,0.08470257353838756,0.31120177436992974,0.9232531724587801,0.9545454545454546,0.8555555555555555,0.7475728155339806,1.0,27,0.7378640776699029,si,26,0.7475728155339806,0.841205746788271,si,ok,mutate_dna_sequence,mutate_dna_enhanced,1,10,0,0,0.0,0.0,0.25,text-embedding-3-small,1536,0.9927066937110994,0.9927066937110994
submission104.py,submission106.py,0,0,,False,0.3256552819698173,0.84,0.956232464914114,0.9650271338762387,0.635923745325668,0.1274690941040996,0.876624763300092,0.8076923076923077,0.7817258883248731,0.912621359223301,1.0,43,0.5825242718446602,si,42,0.5922330097087378,0.7715330404157963,si,ok,mutate_dna_sequence_with_logging,mutate_dna_enhanced,1,10,0,0,0.0,0.0,0.25,text-embedding-3-small,1536,0.8375322176002127,0.8375322176002127
submission105.py,submission106.py,0,0,,False,0.5798138869005011,0.9047619047619048,0.9532478146984867,0.9825095409577986,0.07651349266441071,0.29767625541954224,0.9223833545779675,0.9130434782608695,0.7884615384615384,0.9809523809523809,1.0,50,0.5238095238095238,si,41,0.6095238095238096,0.8097240802675585,si,ok,mutate_dna_with_map,mutate_dna_enhanced,1,10,0,0,0.0,0.0,0.25,text-embedding-3-small,1536,0.996512807615725,0.996512807615725
submission107.py,submission108.py,1,0,,False,0.9395973154362416,1.0,1.0,1.0,0.0,0.0,1.0,1.0,1.0,1.0,1.0,0,1.0,si,0,1.0,1.0,si,ok,hello_world,greet,0,1,0,0,0.0,0.0,0.25,text-embedding-3-small,1536,1.0,1.0
submission107.py,submission109.py,1,3,,False,0.9118541033434651,1.0,1.0,1.0,0.0,0.0,1.0,1.0,1.0,1.0,1.0,0,1.0,si,0,1.0,1.0,si,ok,hello_world,hello_world,0,1,0,0,0.0,0.0,0.25,text-embedding-3-small,1536,1.0,1.0
submission108.py,submission109.py,0,0,,False,0.8562691131498471,1.0,1.0,1.0,0.0,0.0,1.0,1.0,1.0,1.0,1.0,0,1.0,si,0,1.0,1.0,si,ok,greet,hello_world,0,1,0,0,0.0,0.0,0.25,text-embedding-3-small,1536,1.0,1.0
submission107.py,submission110.py,0,0,,False,0.6158038147138964,1.0,0.9936115093843765,0.9899902818270165,0.016999452785798612,0.01707657293841288,0.9927309927503307,1.0,0.8709677419354839,0.7714285714285715,1.0,8,0.7714285714285715,si,8,0.7714285714285715,0.8648847926267281,si,ok,hello_world,hello_world,0,1,0,0,0.0,0.0,0.25,text-embedding-3-small,1536,0.9955142601892293,0.9955142601892293
submission108.py,submission110.py,1,3,,False,0.44931506849315067,1.0,0.9936115093843765,0.9899902818270165,0.016999452785798612,0.01707657293841288,0.9927309927503307,1.0,0.8709677419354839,0.7714285714285715,1.0,8,0.7714285714285715,si,8,0.7714285714285715,0.8648847926267281,si,ok,greet,hello_world,0,1,0,0,0.0,0.0,0.25,text-embedding-3-small,1536,0.9955142601892293,0.9955142601892293
submission109.py,submission110.py,0,0,,False,0.5606060606060606,1.0,0.9936115093843765,0.9899902818270165,0.016999452785798612,0.01707657293841288,0.9927309927503307,1.0,0.8709677419354839,0.7714285714285715,1.0,8,0.7714285714285715,si,8,0.7714285714285715,0.8648847926267281,si,ok,hello_world,hello_world,0,1,0,0,0.0,0.0,0.25,text-embedding-3-small,1536,0.9955142601892293,0.9955142601892293
submission107.py,submission111.py,0,0,,False,0.7238605898123325,0.8235294117647058,0.977531754502285,0.9458653591306653,0.09794099464418757,1.4101858077202487,0.843512385751887,0.9411764705882353,0.8125,0.7297297297297297,1.0,11,0.7027027027027026,si,11,0.7027027027027026,0.8116305643879173,si,ok,hello_world,hello_json,0,1,0,0,0.0,0.0,0.25,text-embedding-3-small,1536,0.9807167847733232,0.9807167847733232
submission108.py,submission111.py,0,0,,False,0.6684636118598383,0.8235294117647058,0.977531754502285,0.9458653591306653,0.09794099464418757,1.4101858077202487,0.843512385751887,0.9411764705882353,0.8125,0.7297297297297297,1.0,11,0.7027027027027026,si,11,0.7027027027027026,0.8116305643879173,si,ok,greet,hello_json,0,1,0,0,0.0,0.0,0.25,text-embedding-3-small,1536,0.9807167847733232,0.9807167847733232
submission109.py,submission111.py,0,0,,False,0.6567164179104478,0.8235294117647058,0.977531754502285,0.9458653591306653,0.09794099464418757,1.4101858077202487,0.843512385751887,0.9411764705882353,0.8125,0.7297297297297297,1.0,11,0.7027027027027026,si,11,0.7027027027027026,0.8116305643879173,si,ok,hello_world,hello_json,0,1,0,0,0.0,0.0,0.25,text-embedding-3-small,1536,0.9807167847733232,0.9807167847733232
submission110.py,submission111.py,0,0,,False,0.4318181818181818,0.8235294117647058,0.9725862643999061,0.9487565155932502,0.11682272097952327,1.4243186837907729,0.8415439351434,0.9411764705882353,0.7777777777777778,0.9459459459459459,1.0,19,0.4864864864864865,si,15,0.5945945945945945,0.8029500088323617,si,ok,hello_world,hello_json,0,1,0,0,0.0,0.0,0.25,text-embedding-3-small,1536,0.9784212861780088,0.9784212861780088
submission112.py,submission113.py,1,2,,False,0.8837465564738292,1.0,0.9999999999999999,1.0,0.0,0.0,0.9999999999999998,1.0,1.0,1.0,1.0,0,1.0,si,0,1.0,1.0,si,ok,create_connection,create_connection,1,10,0,0,0.0,0.0,0.25,text-embedding-3-small,1536,0.9999999999999999,0.9999999999999999
submission112.py,submission114.py,1,3,,False,0.8528624933119315,1.0,0.9992283745744436,0.9935567020970748,0.0053538783037022685,0.005796257616712632,0.9973710210122338,1.0,0.903448275862069,0.8238993710691824,1.0,28,0.8238993710691824,si,28,0.8238993710691824,0.8966167859466494,si,ok,create_connection,create_connection,1,10,0,0,0.0,0.0,0.25,text-embedding-3-small,1536,0.9986163370632952,0.9986163370632952
submission113.py,submission114.py,0,0,,False,0.5670731707317073,1.0,0.9992283745744436,0.9935567020970748,0.0053538783037022685,0.005796257616712632,0.9973710210122338,1.0,0.903448275862069,0.8238993710691824,1.0,28,0.8238993710691824,si,28,0.8238993710691824,0.8966167859466494,si,ok,create_connection,create_connection,1,10,0,0,0.0,0.0,0.25,text-embedding-3-small,1536,0.9986163370632952,0.9986163370632952
submission112.py,submission115.py,0,0,,False,0.8444200109950523,1.0,0.9999999999999999,1.0,0.0,0.0,0.9999999999999998,1.0,1.0,1.0,1.0,0,1.0,si,0,1.0,1.0,si,ok,create_connection,create_connection,1,10,0,0,0.0,0.0,0.25,text-embedding-3-small,1536,0.9999999999999999,0.9999999999999999
submission113.py,submission115.py,1,0,,False,0.8070907194994786,1.0,0.9999999999999999,1.0,0.0,0.0,0.9999999999999998,1.0,1.0,1.0,1.0,0,1.0,si,0,1.0,1.0,si,ok,create_connection,create_connection,1,10,0,0,0.0,0.0,0.25,text-embedding-3-small,1536,0.9999999999999999,0.9999999999999999
submission114.py,submission115.py,0,0,,False,0.5669371196754563,1.0,0.9992283745744436,0.9935567020970748,0.005796257616712632,0.0053538783037022685,0.9973710210122338,1.0,0.903448275862069,0.8238993710691824,1.0,28,0.8238993710691824,si,28,0.8238993710691824,0.8966167859466494,si,ok,create_connection,create_connection,1,10,0,0,0.0,0.0,0.25,text-embedding-3-small,1536,0.9986163370632952,0.9986163370632952
submission112.py,submission116.py,0,0,,False,0.6320754716981132,0.6129032258064516,0.9857677016429043,0.9592184949327807,0.2337083518499259,1.8846010469879577,0.7685722110598097,0.7692307692307693,0.8338762214983714,0.7443181818181819,0.8,93,0.47159090909090906,si,49,0.7215909090909092,0.7704402092207467,si,ok,create_connection,create_connection,1,10,0,0,0.0,0.0,0.25,text-embedding-3-small,1536,0.9075944406019459,0.9075944406019459
submission113.py,submission116.py,0,0,,False,0.48129788192879674,0.6129032258064516,0.9857677016429043,0.9592184949327807,0.2337083518499259,1.8846010469879577,0.7685722110598097,0.7692307692307693,0.8338762214983714,0.7443181818181819,0.8,93,0.47159090909090906,si,49,0.7215909090909092,0.7704402092207467,si,ok,create_connection,create_connection,1,10,0,0,0.0,0.0,0.25,text-embedding-3-small,1536,0.9075944406019459,0.9075944406019459
submission114.py,submission116.py,0,0,,False,0.4232292124945007,0.6129032258064516,0.9839085154204451,0.9570698047406122,0.23004006627405724,1.9003539408286236,0.7673005446106236,0.7692307692307693,0.764179104477612,0.9034090909090909,0.8,115,0.34659090909090906,si,57,0.6761363636363636,0.7632432026928295,si,ok,create_connection,create_connection,1,10,0,0,0.0,0.0,0.25,text-embedding-3-small,1536,0.9084086611907602,0.9084086611907602
submission115.py,submission116.py,0,0,,False,0.4219523166891588,0.6129032258064516,0.9857677016429043,0.9592184949327807,0.2337083518499259,1.8846010469879577,0.7685722110598097,0.7692307692307693,0.8338762214983714,0.7443181818181819,0.8,93,0.47159090909090906,si,49,0.7215909090909092,0.7704402092207467,si,ok,create_connection,create_connection,1,10,0,0,0.0,0.0,0.25,text-embedding-3-small,1536,0.9075944406019459,0.9075944406019459
submission117.py,submission118.py,1,3,,False,0.8913773796192609,0.75,0.9980285430297287,0.9523406654407938,0.03392524766583279,0.5540418899087107,0.8694381640282681,0.8571428571428571,0.9230769230769231,0.8870967741935484,0.8571428571428572,12,0.8064516129032258,si,8,0.8709677419354839,0.8822669266217654,no,missing_function,,,,0,0,0,0.0,0.0,0.0,text-embedding-3-small,1536,0.9897714761985403,0.9897714761985403
submission117.py,submission119.py,1,0,,False,0.8068965517241379,1.0,1.0,1.0,0.0,0.0,1.0,1.0,1.0,1.0,1.0,0,1.0,si,0,1.0,1.0,no,missing_function,,,,0,0,0,0.0,0.0,0.0,text-embedding-3-small,1536,0.9999999999999999,0.9999999999999999
submission118.py,submission119.py,0,0,,False,0.7160493827160493,0.75,0.9980285430297287,0.9523406654407938,0.5540418899087107,0.03392524766583279,0.8694381640282681,0.8571428571428571,0.9230769230769231,0.8870967741935484,0.8571428571428572,12,0.8064516129032258,si,8,0.8709677419354839,0.8822669266217654,no,missing_function,,,,0,0,0,0.0,0.0,0.0,text-embedding-3-small,1536,0.9897714761985403,0.9897714761985403
submission117.py,submission120.py,0,0,,False,0.7411764705882353,0.75,0.9980285430297287,0.9523406654407938,0.03392524766583279,0.5540418899087107,0.8694381640282681,0.8571428571428571,0.9230769230769231,0.8870967741935484,0.8571428571428572,12,0.8064516129032258,si,8,0.8709677419354839,0.8822669266217654,no,missing_function,,,,0,0,0,0.0,0.0,0.0,text-embedding-3-small,1536,0.9897714761985403,0.9897714761985403
submission118.py,submission120.py,1,0,,False,0.8725602755453502,1.0,1.0,1.0,0.0,0.0,1.0,1.0,1.0,1.0,1.0,0,1.0,si,0,1.0,1.0,no,missing_function,,,,0,0,0,0.0,0.0,0.0,text-embedding-3-small,1536,1.0000000000000002,1.0000000000000002
submission119.py,submission120.py,0,0,,False,0.5094339622641509,0.75,0.9980285430297287,0.9523406654407938,0.03392524766583279,0.5540418899087107,0.8694381640282681,0.8571428571428571,0.9230769230769231,0.8870967741935484,0.8571428571428572,12,0.8064516129032258,si,8,0.8709677419354839,0.8822669266217654,no,missing_function,,,,0,0,0,0.0,0.0,0.0,text-embedding-3-small,1536,0.9897714761985403,0.9897714761985403
submission117.py,submission121.py,0,0,,False,0.8588235294117647,1.0,0.9994256835593074,0.9884891921845445,0.0017885545014232102,0.001735090482933645,0.9971737987181419,1.0,0.9814814814814815,0.9636363636363636,1.0,2,0.9636363636363636,si,2,0.9636363636363636,0.979006734006734,no,missing_function,,,,0,0,0,0.0,0.0,0.0,text-embedding-3-small,1536,0.9998132736260413,0.9998132736260413
submission118.py,submission121.py,0,0,,False,0.7439724454649828,0.75,0.9973443141729271,0.9481620960063132,0.5565212977802884,0.03633276347929425,0.868105869254229,0.8571428571428571,0.9043478260869565,0.8548387096774194,0.8571428571428572,14,0.7741935483870968,si,10,0.8387096774193549,0.8630685233420156,no,missing_function,,,,0,0,0,0.0,0.0,0.0,text-embedding-3-small,1536,0.9895329613721864,0.9895329613721864
submission119.py,submission121.py,0,0,,False,0.8207547169811321,1.0,0.9994256835593074,0.9884891921845445,0.0017885545014232102,0.001735090482933645,0.9971737987181419,1.0,0.9814814814814815,0.9636363636363636,1.0,2,0.9636363636363636,si,2,0.9636363636363636,0.979006734006734,no,missing_function,,,,0,0,0,0.0,0.0,0.0,text-embedding-3-small,1536,0.9998132736260413,0.9998132736260413
submission120.py,submission121.py,0,0,,False,0.7584541062801933,0.75,0.9973443141729271,0.9481620960063132,0.5565212977802884,0.03633276347929425,0.868105869254229,0.8571428571428571,0.9043478260869565,0.8548387096774194,0.8571428571428572,14,0.7741935483870968,si,10,0.8387096774193549,0.8630685233420156,no,missing_function,,,,0,0,0,0.0,0.0,0.0,text-embedding-3-small,1536,0.9895329613721864,0.9895329613721864
submission122.py,submission123.py,1,3,,False,0.8161668839634941,0.96,0.9985786630255841,0.9793940083103636,0.0181013782274075,0.1045219989418148,0.9718984547790673,0.782608695652174,0.8680851063829788,0.7669172932330828,1.0,31,0.7669172932330828,si,31,0.7669172932330828,0.8186557976810667,si,ok,add_device,add_device,4,1,0,0,0.0,0.0,0.25,text-embedding-3-small,1536,0.9935836379879122,0.9935836379879122
submission122.py,submission124.py,1,3,,False,0.7092391304347826,0.96,0.9974841984828019,0.9967704986902137,0.011666514796608499,0.10509963729288319,0.9755668555767719,1.0,0.9357798165137615,0.8793103448275862,1.0,14,0.8793103448275862,si,14,0.8793103448275862,0.9296346093008542,no,incompatible_function_arity,add_device,add_device,,0,0,0,0.0,0.0,0.0,text-embedding-3-small,1536,0.9824314696969106,0.9824314696969106
submission123.py,submission124.py,0,0,,False,0.5508274231678487,0.9230769230769231,0.9945515952995012,0.9773602026306387,0.12278884426447785,0.12877785195687555,0.9484146716084316,0.782608695652174,0.8273092369477911,0.8721804511278195,1.0,45,0.6616541353383458,si,45,0.6616541353383458,0.7926723566380592,no,incompatible_function_arity,add_device,add_device,,0,0,0,0.0,0.0,0.0,text-embedding-3-small,1536,0.9786809520143355,0.9786809520143355
submission122.py,submission125.py,0,0,,False,0.7321212121212122,1.0,0.9993986637951405,0.985003361182239,0.00738269532088589,0.007179865108436665,0.9953745420920812,1.0,0.8326530612244898,0.7132867132867133,1.0,41,0.7132867132867133,si,41,0.7132867132867133,0.8291422862851433,si,ok,add_device,add_device,4,1,0,0,0.0,0.0,0.25,text-embedding-3-small,1536,0.9933960151581178,0.9933960151581178
submission123.py,submission125.py,1,3,,False,0.6417112299465241,0.96,0.9987157121428235,0.9883141514720462,0.10784697483771659,0.019079368796453763,0.9733423545486761,0.782608695652174,0.9057971014492754,0.9300699300699301,1.0,26,0.8181818181818181,si,21,0.8531468531468531,0.8784255599472991,si,ok,add_device,add_device,4,1,0,0,0.0,0.0,0.25,text-embedding-3-small,1536,0.9973577162611259,0.9973577162611259
submission124.py,submission125.py,0,0,,False,0.5232300884955752,0.96,0.9959532120227368,0.9863833416960966,0.11554642327706861,0.02213645571298047,0.9711811254940546,1.0,0.8108108108108109,0.8111888111888113,1.0,55,0.6153846153846154,si,55,0.6153846153846154,0.8089964089964091,no,incompatible_function_arity,add_device,add_device,,0,0,0,0.0,0.0,0.0,text-embedding-3-small,1536,0.9798132456923245,0.9798132456923245
submission122.py,submission126.py,0,0,,False,0.7649028801071668,1.0,0.999129280519405,0.9853312799043663,0.007432366493885859,0.0079124881674863,0.9952822382573161,1.0,0.8869565217391304,0.796875,1.0,26,0.796875,si,26,0.796875,0.8803328804347825,si,ok,add_device,add_device,4,1,0,0,0.0,0.0,0.25,text-embedding-3-small,1536,0.9946857440233265,0.9946857440233265
submission123.py,submission126.py,0,0,,False,0.6036193812025686,0.96,0.9986270420620601,0.9921668032963714,0.10569527495549913,0.018267791539083717,0.9743486651721305,0.782608695652174,0.9195402298850575,0.9624060150375939,1.0,23,0.8270676691729324,si,18,0.8646616541353384,0.8901661950979397,si,ok,add_device,add_device,4,1,0,0,0.0,0.0,0.25,text-embedding-3-small,1536,0.9976475781130504,0.9976475781130504
submission124.py,submission126.py,0,0,,False,0.5899454875832829,0.96,0.9948004443096613,0.9832385200488141,0.11762173284894875,0.025170742711125346,0.9697601373794336,1.0,0.8360655737704918,0.90625,1.0,40,0.6875,si,40,0.6875,0.851203893442623,no,incompatible_function_arity,add_device,add_device,,0,0,0,0.0,0.0,0.0,text-embedding-3-small,1536,0.980373041592183,0.980373041592183
submission125.py,submission126.py,0,0,,False,0.6735921268452706,1.0,0.999747723967234,0.9952540533564314,0.0012907532779690234,0.0013157830566147308,0.9987148134874353,1.0,0.9372693726937269,0.8951048951048951,1.0,17,0.8811188811188811,si,17,0.8811188811188811,0.9329187417748304,si,ok,add_device,add_device,4,1,0,0,0.0,0.0,0.25,text-embedding-3-small,1536,0.9992940067640043,0.9992940067640043
submission127.py,submission128.py,1,3,,False,0.7932303164091243,1.0,0.999129280519405,0.9853312799043663,0.007432366493885859,0.0079124881674863,0.9952822382573161,1.0,0.8869565217391304,0.796875,1.0,26,0.796875,si,26,0.796875,0.8803328804347825,si,ok,add_book,add_book,4,1,0,0,0.0,0.0,0.25,text-embedding-3-small,1536,0.9958050649698792,0.9958050649698792
submission127.py,submission129.py,0,0,,False,0.6695402298850575,0.96,0.9985786630255841,0.9793940083103636,0.0181013782274075,0.1045219989418148,0.9718984547790673,0.782608695652174,0.8680851063829788,0.7669172932330828,1.0,31,0.7669172932330828,si,31,0.7669172932330828,0.8186557976810667,si,ok,add_book,add_book,4,1,0,0,0.0,0.0,0.25,text-embedding-3-small,1536,0.9951419636063077,0.9951419636063077
submission128.py,submission129.py,1,3,,False,0.6244284781188766,0.96,0.9986270420620601,0.9921668032963714,0.018267791539083717,0.10569527495549913,0.9743486651721305,0.782608695652174,0.9195402298850575,0.9624060150375939,1.0,23,0.8270676691729324,si,18,0.8646616541353384,0.8901661950979397,si,ok,add_book,add_book,4,1,0,0,0.0,0.0,0.25,text-embedding-3-small,1536,0.9978396696779547,0.9978396696779547
submission127.py,submission130.py,0,0,,False,0.6933867735470942,1.0,0.9993986637951405,0.985003361182239,0.00738269532088589,0.007179865108436665,0.9953745420920812,1.0,0.8326530612244898,0.7132867132867133,1.0,41,0.7132867132867133,si,41,0.7132867132867133,0.8291422862851433,si,ok,add_book,add_book,4,1,0,0,0.0,0.0,0.25,text-embedding-3-small,1536,0.9946268274851517,0.9946268274851517
submission128.py,submission130.py,0,0,,False,0.5965770171149144,1.0,0.999747723967234,0.9952540533564314,0.0013157830566147308,0.0012907532779690234,0.9987148134874353,1.0,0.9372693726937269,0.8951048951048951,1.0,17,0.8811188811188811,si,17,0.8811188811188811,0.9329187417748304,si,ok,add_book,add_book,4,1,0,0,0.0,0.0,0.25,text-embedding-3-small,1536,0.9992369914836091,0.9992369914836091
submission129.py,submission130.py,1,3,,False,0.5811863391252247,0.96,0.9987157121428235,0.9883141514720462,0.10784697483771659,0.019079368796453763,0.9733423545486761,0.782608695652174,0.9057971014492754,0.9300699300699301,1.0,26,0.8181818181818181,si,21,0.8531468531468531,0.8784255599472991,si,ok,add_book,add_book,4,1,0,0,0.0,0.0,0.25,text-embedding-3-small,1536,0.9976599016634107,0.9976599016634107
submission127.py,submission131.py,0,0,,False,0.576893649579189,0.96,0.9975069726241144,0.9971740359399649,0.01157438524760217,0.1056283389249738,0.9756154297357023,1.0,0.9400921658986175,0.8869565217391304,1.0,13,0.8869565217391304,si,13,0.8869565217391304,0.9341534762572631,no,incompatible_function_arity,add_book,add_book,,0,0,0,0.0,0.0,0.0,text-embedding-3-small,1536,0.9853961273075506,0.9853961273075506
submission128.py,submission131.py,0,0,,False,0.46749654218533887,0.96,0.9948220158489343,0.9831270000309709,0.025051760065504625,0.11819710655948518,0.9697045541716607,1.0,0.8395061728395061,0.8984375,1.0,39,0.6953125,si,39,0.6953125,0.8532359182098764,no,incompatible_function_arity,add_book,add_book,,0,0,0,0.0,0.0,0.0,text-embedding-3-small,1536,0.98416184171951,0.98416184171951
submission129.py,submission131.py,0,0,,False,0.4381338742393509,0.9230769230769231,0.9944605291663092,0.9775485663240765,0.12272334368705966,0.1294418172037615,0.9483778167404039,0.782608695652174,0.8306451612903226,0.8646616541353384,1.0,44,0.6691729323308271,si,44,0.6691729323308271,0.7946341572725643,no,incompatible_function_arity,add_book,add_book,,0,0,0,0.0,0.0,0.0,text-embedding-3-small,1536,0.9829924200767534,0.9829924200767534
submission130.py,submission131.py,0,0,,False,0.476010101010101,0.96,0.9958976525027796,0.9857790684142277,0.022203408436259682,0.11629684357771922,0.9709720829485488,1.0,0.813953488372093,0.8041958041958042,1.0,54,0.6223776223776224,si,54,0.6223776223776224,0.8108310294356805,no,incompatible_function_arity,add_book,add_book,,0,0,0,0.0,0.0,0.0,text-embedding-3-small,1536,0.9837849186578044,0.9837849186578044
submission132.py,submission133.py,1,1,,True,1.0,1.0,1.0000000000000002,1.0,0.0,0.0,1.0,1.0,1.0,1.0,1.0,0,1.0,si,0,1.0,1.0,si,ok,create_excel,create_excel,1,10,0,0,0.0,0.0,0.25,text-embedding-3-small,1536,1.0000000000000002,1.0000000000000002
submission132.py,submission134.py,0,0,,False,0.24773413897280966,0.5454545454545454,0.85714088911806,0.9169941268432839,3.945204501589381,0.9482686029159171,0.6622033584945343,0.75,0.6495726495726496,0.625,0.875,51,0.29166666666666663,si,41,0.4305555555555556,0.6228098290598291,si,ok,create_excel,read_excel,1,10,0,0,0.0,0.0,0.25,text-embedding-3-small,1536,0.8047025250878709,0.8047025250878709
submission133.py,submission134.py,1,0,,False,0.24773413897280966,0.5454545454545454,0.85714088911806,0.9169941268432839,3.945204501589381,0.9482686029159171,0.6622033584945343,0.75,0.6495726495726496,0.625,0.875,51,0.29166666666666663,si,41,0.4305555555555556,0.6228098290598291,si,ok,create_excel,read_excel,1,10,0,0,0.0,0.0,0.25,text-embedding-3-small,1536,0.8047025250878709,0.8047025250878709
submission132.py,submission135.py,1,2,,False,0.8193384223918575,0.9047619047619048,0.9980086882142645,1.0,0.20828330932786704,0.20828330932786704,0.9363552718334136,1.0,1.0,1.0,1.0,0,1.0,si,0,1.0,1.0,si,ok,create_excel,create_excel_different_data,1,10,0,0,0.0,0.0,0.25,text-embedding-3-small,1536,0.917427673690955,0.917427673690955
submission133.py,submission135.py,0,0,,False,0.8193384223918575,0.9047619047619048,0.9980086882142645,1.0,0.20828330932786704,0.20828330932786704,0.9363552718334136,1.0,1.0,1.0,1.0,0,1.0,si,0,1.0,1.0,si,ok,create_excel,create_excel_different_data,1,10,0,0,0.0,0.0,0.25,text-embedding-3-small,1536,0.917427673690955,0.917427673690955
submission134.py,submission135.py,0,0,,False,0.23163841807909605,0.5454545454545454,0.85714088911806,0.9169941268432839,0.9482686029159171,3.945204501589381,0.6622033584945343,0.75,0.6324786324786325,0.625,0.875,51,0.29166666666666663,si,41,0.4305555555555556,0.6185363247863248,si,ok,read_excel,create_excel_different_data,1,10,0,0,0.0,0.0,0.25,text-embedding-3-small,1536,0.7837741910140902,0.7837741910140902
submission132.py,submission136.py,0,0,,False,0.7154663518299882,0.9047619047619048,0.9913203317808165,0.9893018049026423,0.21874192480230098,0.1761819095049742,0.9337049572829326,1.0,0.8780487804878049,0.782608695652174,1.0,20,0.782608695652174,si,20,0.782608695652174,0.8716861081654295,si,ok,create_excel,create_and_update_excel,1,10,0,0,0.0,0.0,0.25,text-embedding-3-small,1536,0.9161644728288638,0.9161644728288638
submission133.py,submission136.py,0,0,,False,0.7154663518299882,0.9047619047619048,0.9913203317808165,0.9893018049026423,0.21874192480230098,0.1761819095049742,0.9337049572829326,1.0,0.8780487804878049,0.782608695652174,1.0,20,0.782608695652174,si,20,0.782608695652174,0.8716861081654295,si,ok,create_excel,create_and_update_excel,1,10,0,0,0.0,0.0,0.25,text-embedding-3-small,1536,0.9161644728288638,0.9161644728288638
submission134.py,submission136.py,0,0,,False,0.22886866059817945,0.5454545454545454,0.8901762662882123,0.9245717919441633,0.9283902819762252,3.4254010571844122,0.678558140178389,0.75,0.5547445255474452,0.48913043478260865,0.875,69,0.25,si,60,0.34782608695652173,0.5539035226912091,si,ok,read_excel,create_and_update_excel,1,10,0,0,0.0,0.0,0.25,text-embedding-3-small,1536,0.816186081300443,0.816186081300443
submission135.py,submission136.py,0,0,,False,0.6853303471444568,0.9047619047619048,0.9913203317808165,0.9893018049026423,0.21874192480230098,0.1761819095049742,0.9337049572829326,1.0,0.8780487804878049,0.782608695652174,1.0,20,0.782608695652174,si,20,0.782608695652174,0.8716861081654295,si,ok,create_excel_different_data,create_and_update_excel,1,10,0,0,0.0,0.0,0.25,text-embedding-3-small,1536,0.8665209100253738,0.8665209100253738
submission137.py,submission138.py,1,3,,False,0.6287519747235387,0.95,0.9975547760116704,0.988251209574739,0.02172990753689613,0.1688408483229205,0.9645174872829336,1.0,0.7538461538461538,0.6049382716049383,1.0,32,0.6049382716049383,si,32,0.6049382716049383,0.7606837606837608,si,ok,print_numbers,print_numbers,0,1,0,0,0.0,0.0,0.25,text-embedding-3-small,1536,0.9919859563299226,0.9919859563299226
submission137.py,submission139.py,0,0,,False,0.4444444444444444,0.8571428571428571,0.9768030051053731,0.9782789489422142,0.3646922258449189,1.0955238296974066,0.8614392663936201,0.9,0.768,0.6447368421052632,1.0,28,0.631578947368421,si,28,0.631578947368421,0.7581842105263158,no,incompatible_function_arity,print_numbers,print_numbers,,0,0,0,0.0,0.0,0.0,text-embedding-3-small,1536,0.9244182200221445,0.9244182200221445
submission138.py,submission139.py,1,3,,False,0.31865284974093266,0.8181818181818182,0.9795298476253448,0.9696377651959884,0.3987638747949246,1.0909753611948885,0.8478627975451918,0.9,0.8152866242038217,0.9382716049382716,1.0,30,0.6296296296296297,si,30,0.6296296296296297,0.813451285680585,no,incompatible_function_arity,print_numbers,print_numbers,,0,0,0,0.0,0.0,0.0,text-embedding-3-small,1536,0.9148585313091665,0.9148585313091665
submission137.py,submission140.py,1,3,,False,0.7257731958762886,1.0,0.996153902821019,0.9748531230674088,0.009182070357351956,0.01006042317067627,0.9919108833576301,1.0,0.9514563106796117,0.9074074074074074,1.0,5,0.9074074074074074,si,5,0.9074074074074074,0.9461974110032362,si,ok,print_numbers,print_numbers,0,1,0,0,0.0,0.0,0.25,text-embedding-3-small,1536,0.9991207602238495,0.9991207602238495
submission138.py,submission140.py,0,0,,False,0.3486238532110092,0.95,0.9955778854411729,0.9652006257048273,0.17267913106988478,0.02555057028726319,0.9586780960886978,1.0,0.7703703703703704,0.6666666666666667,1.0,33,0.5925925925925926,si,30,0.6296296296296297,0.7814814814814814,si,ok,print_numbers,print_numbers,0,1,0,0,0.0,0.0,0.25,text-embedding-3-small,1536,0.9922208798585858,0.9922208798585858
submission139.py,submission140.py,0,0,,False,0.1987179487179487,0.8571428571428571,0.9800890484626016,0.9728577544904076,1.081710257613179,0.3274109872412152,0.8630734118327769,0.9,0.8,0.7105263157894737,1.0,29,0.618421052631579,si,25,0.6710526315789473,0.7878947368421053,no,incompatible_function_arity,print_numbers,print_numbers,,0,0,0,0.0,0.0,0.0,text-embedding-3-small,1536,0.9243388522686826,0.9243388522686826
submission137.py,submission141.py,0,0,,False,0.10443864229765012,0.6923076923076923,0.9813368664481197,0.9537417578398487,0.38508290394023087,1.1278894635776118,0.8067054101529851,0.782608695652174,0.6438356164383562,0.5051546391752577,0.6923076923076923,61,0.3711340206185567,si,54,0.44329896907216493,0.5954742990687312,si,ok,print_numbers,increment_counter,0,1,0,0,0.0,0.0,0.25,text-embedding-3-small,1536,0.8902955103443305,0.8902955103443305
submission138.py,submission141.py,0,0,,False,0.0855614973262032,0.6666666666666666,0.986546251844368,0.9506123242482303,0.4066275146133392,1.1123314428810869,0.7997563220172941,0.782608695652174,0.7752808988764045,0.8350515463917526,0.6923076923076923,62,0.3608247422680413,si,45,0.5360824742268041,0.7056552073071092,si,ok,print_numbers,increment_counter,0,1,0,0,0.0,0.0,0.25,text-embedding-3-small,1536,0.8910891435001476,0.8910891435001476
submission139.py,submission141.py,0,0,,False,0.08839779005524862,0.7307692307692307,0.9916150330443928,0.955524126228537,0.23849175532413178,0.8258135829920245,0.8383553989632134,0.72,0.7514450867052023,0.7835051546391752,0.6923076923076923,52,0.4639175257731959,si,42,0.5670103092783505,0.6887209068864513,no,incompatible_function_arity,print_numbers,increment_counter,,0,0,0,0.0,0.0,0.0,text-embedding-3-small,1536,0.8538076349422643,0.8538076349422643
submission139.py,submission150.py,1,2,,False,0.4339622641509434,1.0,1.0,1.0,0.0,0.0,1.0,1.0,1.0,1.0,1.0,0,1.0,si,0,1.0,1.0,si,ok,print_numbers,display_count,2,7,0,0,0.0,0.0,0.25,text-embedding-3-small,1536,0.9999999999999998,0.9999999999999998
submission140.py,submission141.py,0,0,,False,0.10165184243964422,0.6923076923076923,0.9876376690696852,0.9736573864289466,0.34397896230100283,1.1103335773330045,0.8145123667528996,0.782608695652174,0.6887417218543046,0.5567010309278351,0.6923076923076923,62,0.3608247422680413,si,51,0.4742268041237113,0.6237111347010689,si,ok,print_numbers,increment_counter,0,1,0,0,0.0,0.0,0.25,text-embedding-3-small,1536,0.8907763669477354,0.8907763669477354
submission142.py,submission143.py,1,3,,False,0.593103448275862,0.9473684210526315,0.9879322182807306,0.984403436699355,0.04867290909019845,0.32265698226041295,0.9461525971323841,1.0,0.825,0.7021276595744681,0.8888888888888888,14,0.7021276595744681,si,14,0.7021276595744681,0.8110963356973996,si,ok,check_cpu_usage,check_system_usage,0,1,0,0,0.0,0.0,0.25,text-embedding-3-small,1536,0.986421222503423,0.986421222503423
submission142.py,submission144.py,0,0,,False,0.49142857142857144,0.9,0.975581071831236,0.9753211825352309,0.09572511528593554,0.5024830585672797,0.9116908102374995,1.0,0.6947368421052632,0.532258064516129,0.8888888888888888,29,0.532258064516129,si,29,0.532258064516129,0.7020892284474628,si,ok,check_cpu_usage,check_full_system_usage,0,1,0,0,0.0,0.0,0.25,text-embedding-3-small,1536,0.9763522534112204,0.9763522534112204
submission143.py,submission144.py,1,3,,False,0.693069306930693,0.95,0.9958772980199879,0.9909177458358759,0.021628878486517476,0.2239739109101529,0.9600726306003491,1.0,0.8623853211009175,0.7580645161290323,1.0,15,0.7580645161290323,si,15,0.7580645161290323,0.8567253625332939,si,ok,check_system_usage,check_full_system_usage,0,1,0,0,0.0,0.0,0.25,text-embedding-3-small,1536,0.9914107876216599,0.9914107876216599
submission142.py,submission145.py,0,0,,False,0.49142857142857144,0.9,0.975581071831236,0.9753211825352309,0.09572511528593554,0.5024830585672797,0.9116908102374995,1.0,0.6947368421052632,0.532258064516129,0.8888888888888888,29,0.532258064516129,si,29,0.532258064516129,0.7020892284474628,si,ok,check_cpu_usage,check_full_system_usage,0,1,0,0,0.0,0.0,0.25,text-embedding-3-small,1536,0.9763522534112204,0.9763522534112204
submission143.py,submission145.py,1,3,,False,0.693069306930693,0.95,0.9958772980199879,0.9909177458358759,0.021628878486517476,0.2239739109101529,0.9600726306003491,1.0,0.8623853211009175,0.7580645161290323,1.0,15,0.7580645161290323,si,15,0.7580645161290323,0.8567253625332939,si,ok,check_system_usage,check_full_system_usage,0,1,0,0,0.0,0.0,0.25,text-embedding-3-small,1536,0.9914107876216599,0.9914107876216599
submission144.py,submission145.py,0,0,,True,1.0,1.0,1.0,1.0,0.0,0.0,1.0,1.0,1.0,1.0,1.0,0,1.0,si,0,1.0,1.0,si,ok,check_full_system_usage,check_full_system_usage,0,1,0,0,0.0,0.0,0.25,text-embedding-3-small,1536,1.0,1.0
submission142.py,submission146.py,0,0,,False,0.5135699373695198,0.9,0.9760721857902922,0.9807845216008482,0.0866711762897881,0.5939540825181695,0.908197477802543,1.0,0.7951807228915663,0.6599999999999999,0.8888888888888888,17,0.6599999999999999,si,17,0.6599999999999999,0.7846840696117804,si,ok,check_cpu_usage,check_network_and_cpu,0,1,0,0,0.0,0.0,0.25,text-embedding-3-small,1536,0.9656868175394574,0.9656868175394574
submission143.py,submission146.py,0,0,,False,0.49642857142857144,0.8571428571428571,0.9894426289188071,0.9904761904761905,0.3330101261943983,0.5613656394856232,0.8902699404229124,1.0,0.9690721649484536,0.94,1.0,3,0.94,si,3,0.94,0.9652680412371134,si,ok,check_system_usage,check_network_and_cpu,0,1,0,0,0.0,0.0,0.25,text-embedding-3-small,1536,0.9689248618668346,0.9689248618668346
submission144.py,submission146.py,0,0,,False,0.37538461538461537,0.8181818181818182,0.9891751004160171,0.9845993325347858,0.47809795814744555,0.572105742191209,0.8702657247045273,1.0,0.8928571428571429,0.8064516129032258,1.0,18,0.7096774193548387,si,18,0.7096774193548387,0.8570852534562212,si,ok,check_full_system_usage,check_network_and_cpu,0,1,0,0,0.0,0.0,0.25,text-embedding-3-small,1536,0.9727457323822605,0.9727457323822605
submission145.py,submission146.py,0,0,,False,0.37538461538461537,0.8181818181818182,0.9891751004160171,0.9845993325347858,0.47809795814744555,0.572105742191209,0.8702657247045273,1.0,0.8928571428571429,0.8064516129032258,1.0,18,0.7096774193548387,si,18,0.7096774193548387,0.8570852534562212,si,ok,check_full_system_usage,check_network_and_cpu,0,1,0,0,0.0,0.0,0.25,text-embedding-3-small,1536,0.9727457323822605,0.9727457323822605
submission147.py,submission148.py,1,2,,False,0.45924082140634725,1.0,1.0000000000000002,1.0,0.0,0.0,1.0,1.0,1.0,1.0,1.0,0,1.0,si,0,1.0,1.0,si,ok,load_data,read_csv,1,10,0,0,0.0,0.0,0.25,text-embedding-3-small,1536,0.9999999999999998,0.9999999999999998
submission148.py,submission149.py,1,1,,True,1.0,1.0,1.0000000000000002,1.0,0.0,0.0,1.0,1.0,1.0,1.0,1.0,0,1.0,si,0,1.0,1.0,si,ok,read_csv,read_csv,1,10,0,0,0.0,0.0,0.25,text-embedding-3-small,1536,0.9999999999999998,0.9999999999999998
submission131.py,submission151.py,1,2,,False,0.216,0.7241379310344828,0.9983298470774401,1.0,0.4235728326631744,0.4235728326631744,0.8572319158880175,1.0,1.0,1.0,1.0,0,1.0,si,0,1.0,1.0,si,ok,add_book,add_publication,5,1,0,0,0.0,0.0,0.25,text-embedding-3-small,1536,0.8950301890203115,0.8950301890203115
submission119.py,submission152.py,1,2,,False,0.43797195253505933,1.0,1.0,1.0,0.0,0.0,1.0,1.0,1.0,1.0,1.0,0,1.0,si,0,1.0,1.0,no,missing_function,,,,0,0,0,0.0,0.0,0.0,text-embedding-3-small,1536,0.9999999999999999,0.9999999999999999
submission130.py,submission153.py,1,2,,False,0.12748597654258031,0.7777777777777778,0.9991725694298969,1.0,0.2590659647342104,0.2590659647342104,0.8919330165051795,1.0,1.0,1.0,1.0,0,1.0,si,0,1.0,1.0,si,ok,add_book,insert_publication,4,1,0,0,0.0,0.0,0.25,text-embedding-3-small,1536,0.9021769136061354,0.9021769136061354
submission142.py,submission154.py,1,2,,False,0.36318407960199006,0.8947368421052632,0.991258638050712,1.0,0.44801513446381536,0.44801513446381536,0.9039187473798684,1.0,1.0,1.0,1.0,0,1.0,si,0,1.0,1.0,si,ok,check_cpu_usage,monitor_cpu_utilization,0,1,0,0,0.0,0.0,0.25,text-embedding-3-small,1536,0.9407121460055974,0.9407121460055974
submission145.py,submission155.py,1,2,,False,0.5782493368700266,0.7391304347826086,0.9922730530229865,1.0,0.6811877432214221,0.6811877432214221,0.8383845593737022,1.0,1.0,1.0,1.0,0,1.0,si,0,1.0,1.0,si,ok,check_full_system_usage,monitor_system_utilization,0,1,0,0,0.0,0.0,0.25,text-embedding-3-small,1536,0.9592964492115506,0.9592964492115506
submission147.py,submission156.py,1,2,,False,0.7397899649941657,1.0,1.0000000000000002,1.0,0.0,0.0,1.0,1.0,1.0,1.0,1.0,0,1.0,si,0,1.0,1.0,si,ok,load_data,import_data,1,10,0,0,0.0,0.0,0.25,text-embedding-3-small,1536,0.9999999999999998,0.9999999999999998
submission122.py,submission157.py,1,2,,False,0.18513513513513513,0.92,0.9994465268077636,1.0,0.12181512585070774,0.12181512585070774,0.9541164534297341,1.0,1.0,1.0,1.0,0,1.0,si,0,1.0,1.0,si,ok,add_device,register_device,4,1,0,0,0.0,0.0,0.25,text-embedding-3-small,1536,0.9494377739318497,0.9494377739318497
submission115.py,submission158.py,1,2,,False,0.3800592300098717,1.0,0.9999999999999999,1.0,0.0,0.0,0.9999999999999998,1.0,1.0,1.0,1.0,0,1.0,si,0,1.0,1.0,si,ok,create_connection,connect_database,1,10,0,0,0.0,0.0,0.25,text-embedding-3-small,1536,0.9999999999999999,0.9999999999999999
submission105.py,submission159.py,1,2,,False,0.5609418282548476,1.0,1.0,1.0,0.0,0.0,1.0,1.0,1.0,1.0,1.0,0,1.0,si,0,1.0,1.0,si,ok,mutate_dna_with_map,dna_mutation_with_log,1,10,0,0,0.0,0.0,0.25,text-embedding-3-small,1536,0.9999999999999999,0.9999999999999999
submission87.py,submission160.py,1,2,,False,0.5861690450054885,1.0,0.9999999999999999,1.0,0.0,0.0,0.9999999999999998,1.0,1.0,1.0,1.0,0,1.0,si,0,1.0,1.0,si,ok,quick_sort,quick_sort_algorithm,1,10,5,5,0.5,1.0,1.0,text-embedding-3-small,1536,0.9999999999999998,0.9999999999999998
submission131.py,submission161.py,1,2,,False,0.3500334001336005,0.7241379310344828,0.9983298470774401,1.0,0.4235728326631744,0.4235728326631744,0.8572319158880175,1.0,1.0,1.0,1.0,0,1.0,si,0,1.0,1.0,si,ok,add_book,include_novel,5,1,0,0,0.0,0.0,0.25,text-embedding-3-small,1536,0.8950301890203115,0.8950301890203115
submission162.py,submission163.py,1,2,,False,0.2119071644803229,0.84,0.9979801820095747,1.0,0.32087109556529525,0.32087109556529525,0.9028092840461404,1.0,1.0,1.0,1.0,0,1.0,si,0,1.0,1.0,si,ok,main,execute,0,1,0,0,0.0,0.0,0.25,text-embedding-3-small,1536,0.873949305968864,0.873949305968864
submission162.py,submission164.py,1,2,,False,0.22088353413654618,0.9166666666666666,0.9989895871637844,1.0,0.16043554779869115,0.16043554779869115,0.9470459569571075,1.0,1.0,1.0,1.0,0,1.0,si,0,1.0,1.0,si,ok,main,run_system,0,1,0,0,0.0,0.0,0.25,text-embedding-3-small,1536,0.8482620612389421,0.8482620612389421
submission162.py,submission164.py,1,2,,False,0.22088353413654618,0.9166666666666666,0.9989895871637844,1.0,0.16043554779869115,0.16043554779869115,0.9470459569571075,1.0,1.0,1.0,1.0,0,1.0,si,0,1.0,1.0,si,ok,main,run_system,0,1,0,0,0.0,0.0,0.25,text-embedding-3-small,1536,0.8482620612389421,0.8482620612389421
submission162.py,submission165.py,1,2,,False,0.2829076620825147,0.9166666666666666,0.9989895871637844,1.0,0.16043554779869115,0.16043554779869115,0.9470459569571075,1.0,1.0,1.0,1.0,0,1.0,si,0,1.0,1.0,si,ok,main,manage_academy,0,1,0,0,0.0,0.0,0.25,text-embedding-3-small,1536,0.8529974366044253,0.8529974366044253
submission163.py,submission164.py,1,2,,False,0.28934506353861195,0.84,0.9979801820095747,1.0,0.32087109556529525,0.32087109556529525,0.9028092840461404,1.0,1.0,1.0,1.0,0,1.0,si,0,1.0,1.0,si,ok,execute,run_system,0,1,0,0,0.0,0.0,0.25,text-embedding-3-small,1536,0.8652743816556133,0.8652743816556133
submission163.py,submission165.py,1,2,,False,0.1722488038277512,0.84,0.9979801820095747,1.0,0.32087109556529525,0.32087109556529525,0.9028092840461404,1.0,1.0,1.0,1.0,0,1.0,si,0,1.0,1.0,si,ok,execute,manage_academy,0,1,0,0,0.0,0.0,0.25,text-embedding-3-small,1536,0.8626291722996855,0.8626291722996855
submission164.py,submission165.py,1,2,,False,0.1619047619047619,0.9166666666666666,0.9989895871637844,1.0,0.16043554779869115,0.16043554779869115,0.9470459569571075,1.0,1.0,1.0,1.0,0,1.0,si,0,1.0,1.0,si,ok,run_system,manage_academy,0,1,0,0,0.0,0.0,0.25,text-embedding-3-small,1536,0.8574859265617902,0.8574859265617902
submission166.py,submission167.py,1,2,,False,0.14681647940074907,0.8461538461538461,0.9988933560399916,1.0,0.24363025167705246,0.24363025167705246,0.914333664469913,1.0,1.0,1.0,1.0,0,1.0,si,0,1.0,1.0,si,ok,add_patient,register_patient,4,1,0,0,0.0,0.0,0.25,text-embedding-3-small,1536,0.9089837541755512,0.9089837541755512
submission166.py,submission168.py,1,2,,False,0.18370165745856354,0.8461538461538461,0.9988933560399916,1.0,0.24363025167705246,0.24363025167705246,0.914333664469913,1.0,1.0,1.0,1.0,0,1.0,si,0,1.0,1.0,si,ok,add_patient,admit_patient,4,1,0,0,0.0,0.0,0.25,text-embedding-3-small,1536,0.9211220627874271,0.9211220627874271
submission166.py,submission169.py,1,2,,False,0.127208480565371,0.8461538461538461,0.9988933560399916,1.0,0.24363025167705246,0.24363025167705246,0.914333664469913,1.0,1.0,1.0,1.0,0,1.0,si,0,1.0,1.0,si,ok,add_patient,enroll_patient,4,1,0,0,0.0,0.0,0.25,text-embedding-3-small,1536,0.88363634564268,0.88363634564268
submission167.py,submission168.py,1,2,,False,0.14790996784565916,0.8461538461538461,0.9988933560399916,1.0,0.24363025167705246,0.24363025167705246,0.914333664469913,1.0,1.0,1.0,1.0,0,1.0,si,0,1.0,1.0,si,ok,register_patient,admit_patient,4,1,0,0,0.0,0.0,0.25,text-embedding-3-small,1536,0.9631556666147432,0.9631556666147432
submission167.py,submission169.py,1,2,,False,0.20893561103810776,0.8461538461538461,0.9988933560399916,1.0,0.24363025167705246,0.24363025167705246,0.914333664469913,1.0,1.0,1.0,1.0,0,1.0,si,0,1.0,1.0,si,ok,register_patient,enroll_patient,4,1,0,0,0.0,0.0,0.25,text-embedding-3-small,1536,0.9536418215556259,0.9536418215556259
submission168.py,submission169.py,1,2,,False,0.24587155963302754,0.92,0.9994465268077636,1.0,0.12181512585070774,0.12181512585070774,0.9541164534297341,1.0,1.0,1.0,1.0,0,1.0,si,0,1.0,1.0,si,ok,admit_patient,enroll_patient,4,1,0,0,0.0,0.0,0.25,text-embedding-3-small,1536,0.9629531460637987,0.9629531460637987
submission170.py,submission171.py,1,2,,False,0.11189913317572892,0.8461538461538461,0.9988933560399916,1.0,0.24363025167705246,0.24363025167705246,0.914333664469913,1.0,1.0,1.0,1.0,0,1.0,si,0,1.0,1.0,si,ok,add_car,register_vehicle,4,1,0,0,0.0,0.0,0.25,text-embedding-3-small,1536,0.9118989211340325,0.9118989211340325
submission170.py,submission172.py,1,2,,False,0.19364375461936437,0.92,0.9994465268077636,1.0,0.12181512585070774,0.12181512585070774,0.9541164534297341,1.0,1.0,1.0,1.0,0,1.0,si,0,1.0,1.0,si,ok,add_car,add_automobile,4,1,0,0,0.0,0.0,0.25,text-embedding-3-small,1536,0.9100522492315642,0.9100522492315642
submission170.py,submission173.py,1,2,,False,0.25597532767925985,0.92,0.9994465268077636,1.0,0.12181512585070774,0.12181512585070774,0.9541164534297341,1.0,1.0,1.0,1.0,0,1.0,si,0,1.0,1.0,si,ok,add_car,add_motor_car,4,1,0,0,0.0,0.0,0.25,text-embedding-3-small,1536,0.9222918467555479,0.9222918467555479
submission170.py,submission174.py,1,2,,False,0.3201243201243201,0.8461538461538461,0.9988933560399916,1.0,0.24363025167705246,0.24363025167705246,0.914333664469913,1.0,1.0,1.0,1.0,0,1.0,si,0,1.0,1.0,si,ok,add_car,enroll_car,4,1,0,0,0.0,0.0,0.25,text-embedding-3-small,1536,0.9441424192626082,0.9441424192626082
submission171.py,submission172.py,1,2,,False,0.08723135271807839,0.8461538461538461,0.9988933560399916,1.0,0.24363025167705246,0.24363025167705246,0.914333664469913,1.0,1.0,1.0,1.0,0,1.0,si,0,1.0,1.0,si,ok,register_vehicle,add_automobile,4,1,0,0,0.0,0.0,0.25,text-embedding-3-small,1536,0.9393602744238043,0.9393602744238043
submission171.py,submission173.py,1,2,,False,0.3577981651376147,0.92,0.9994465268077636,1.0,0.12181512585070774,0.12181512585070774,0.9541164534297341,1.0,1.0,1.0,1.0,0,1.0,si,0,1.0,1.0,si,ok,register_vehicle,add_motor_car,4,1,0,0,0.0,0.0,0.25,text-embedding-3-small,1536,0.9854892891890265,0.9854892891890265
submission171.py,submission174.py,1,2,,False,0.15303430079155672,0.8461538461538461,0.9988933560399916,1.0,0.24363025167705246,0.24363025167705246,0.914333664469913,1.0,1.0,1.0,1.0,0,1.0,si,0,1.0,1.0,si,ok,register_vehicle,enroll_car,4,1,0,0,0.0,0.0,0.25,text-embedding-3-small,1536,0.9413055106809758,0.9413055106809758
submission172.py,submission173.py,1,2,,False,0.12173913043478261,0.92,0.9994465268077636,1.0,0.12181512585070774,0.12181512585070774,0.9541164534297341,1.0,1.0,1.0,1.0,0,1.0,si,0,1.0,1.0,si,ok,add_automobile,add_motor_car,4,1,0,0,0.0,0.0,0.25,text-embedding-3-small,1536,0.945818631820163,0.945818631820163
submission172.py,submission174.py,1,2,,False,0.14,0.8461538461538461,0.9988933560399916,1.0,0.24363025167705246,0.24363025167705246,0.914333664469913,1.0,1.0,1.0,1.0,0,1.0,si,0,1.0,1.0,si,ok,add_automobile,enroll_car,4,1,0,0,0.0,0.0,0.25,text-embedding-3-small,1536,0.9224983094060547,0.9224983094060547
submission173.py,submission174.py,1,2,,False,0.18264248704663213,0.8461538461538461,0.9988933560399916,1.0,0.24363025167705246,0.24363025167705246,0.914333664469913,1.0,1.0,1.0,1.0,0,1.0,si,0,1.0,1.0,si,ok,add_motor_car,enroll_car,4,1,0,0,0.0,0.0,0.25,text-embedding-3-small,1536,0.9357374151875838,0.9357374151875838
submission175.py,submission176.py,1,1,,True,1.0,1.0,1.0,1.0,0.0,0.0,1.0,1.0,1.0,1.0,1.0,0,1.0,si,0,1.0,1.0,si,ok,is_palindrome,is_palindrome,1,10,1,1,0.1,1.0,1.0,text-embedding-3-small,1536,1.0,1.0
submission177.py,submission178.py,1,1,,True,1.0,1.0,0.9999999999999998,1.0,0.0,0.0,0.9999999999999998,1.0,1.0,1.0,1.0,0,1.0,si,0,1.0,1.0,si,ok,binary_search,binary_search,2,7,4,4,0.5714285714285714,1.0,1.0,text-embedding-3-small,1536,1.0,1.0
submission179.py,submission180.py,1,1,,True,1.0,1.0,1.0000000000000002,1.0,0.0,0.0,1.0,1.0,1.0,1.0,1.0,0,1.0,si,0,1.0,1.0,si,ok,bubble_sort,bubble_sort,1,10,5,5,0.5,1.0,1.0,text-embedding-3-small,1536,1.0000000000000002,1.0000000000000002
submission181.py,submission182.py,1,1,,True,1.0,1.0,1.0,1.0,0.0,0.0,1.0,1.0,1.0,1.0,1.0,0,1.0,si,0,1.0,1.0,si,ok,fibonacci,fibonacci,1,10,5,5,0.5,1.0,1.0,text-embedding-3-small,1536,0.9999999999999998,0.9999999999999998
submission183.py,submission184.py,1,1,,True,1.0,1.0,0.9999999999999999,1.0,0.0,0.0,0.9999999999999998,1.0,1.0,1.0,1.0,0,1.0,si,0,1.0,1.0,si,ok,count_vowels,count_vowels,1,10,2,2,0.2,1.0,1.0,text-embedding-3-small,1536,0.9999999999999998,0.9999999999999998
submission185.py,submission186.py,1,1,,True,1.0,1.0,1.0,1.0,0.0,0.0,1.0,1.0,1.0,1.0,1.0,0,1.0,si,0,1.0,1.0,si,ok,is_prime,is_prime,1,10,5,5,0.5,1.0,1.0,text-embedding-3-small,1536,1.0000000000000002,1.0000000000000002
submission187.py,submission188.py,1,1,,True,1.0,1.0,0.9999999999999999,1.0,0.0,0.0,0.9999999999999998,1.0,1.0,1.0,1.0,0,1.0,si,0,1.0,1.0,si,ok,reverse_string,reverse_string,1,10,2,2,0.2,1.0,1.0,text-embedding-3-small,1536,0.9999999999999998,0.9999999999999998
submission189.py,submission190.py,1,1,,True,1.0,1.0,1.0,1.0,0.0,0.0,1.0,1.0,1.0,1.0,1.0,0,1.0,si,0,1.0,1.0,si,ok,find_max,find_max,1,10,6,6,0.6,1.0,1.0,text-embedding-3-small,1536,1.0000000000000002,1.0000000000000002
submission191.py,submission192.py,1,1,,True,1.0,1.0,1.0,1.0,0.0,0.0,1.0,1.0,1.0,1.0,1.0,0,1.0,si,0,1.0,1.0,si,ok,calculate_average,calculate_average,1,10,4,4,0.4,1.0,1.0,text-embedding-3-small,1536,1.0,1.0
submission193.py,submission194.py,1,1,,True,1.0,1.0,1.0,1.0,0.0,0.0,1.0,1.0,1.0,1.0,1.0,0,1.0,si,0,1.0,1.0,si,ok,validate_password,validate_password,1,10,2,2,0.2,1.0,1.0,text-embedding-3-small,1536,1.0000000000000002,1.0000000000000002
submission195.py,submission196.py,1,1,,True,1.0,1.0,0.9999999999999999,1.0,0.0,0.0,0.9999999999999998,1.0,1.0,1.0,1.0,0,1.0,si,0,1.0,1.0,si,ok,is_anagram,is_anagram,2,7,2,2,0.2857142857142857,1.0,1.0,text-embedding-3-small,1536,0.9999999999999998,0.9999999999999998
submission197.py,submission198.py,1,1,,True,1.0,1.0,1.0,1.0,0.0,0.0,1.0,1.0,1.0,1.0,1.0,0,1.0,si,0,1.0,1.0,si,ok,flatten_list,flatten_list,1,10,1,1,0.1,1.0,1.0,text-embedding-3-small,1536,0.9999999999999999,0.9999999999999999
submission199.py,submission200.py,1,1,,True,1.0,1.0,1.0,1.0,0.0,0.0,1.0,1.0,1.0,1.0,1.0,0,1.0,si,0,1.0,1.0,si,ok,count_words,count_words,1,10,1,1,0.1,1.0,1.0,text-embedding-3-small,1536,1.0,1.0
submission201.py,submission202.py,1,1,,True,1.0,1.0,1.0,1.0,0.0,0.0,1.0,1.0,1.0,1.0,1.0,0,1.0,si,0,1.0,1.0,si,ok,least_common_multiple,least_common_multiple,2,7,1,1,0.14285714285714285,1.0,1.0,text-embedding-3-small,1536,1.0,1.0
submission203.py,submission204.py,1,1,,True,1.0,1.0,1.0,1.0,0.0,0.0,1.0,1.0,1.0,1.0,1.0,0,1.0,si,0,1.0,1.0,si,ok,remove_duplicates,remove_duplicates,1,10,5,5,0.5,1.0,1.0,text-embedding-3-small,1536,1.0,1.0
submission205.py,submission206.py,1,1,,True,1.0,1.0,1.0000000000000002,1.0,0.0,0.0,1.0,1.0,1.0,1.0,1.0,0,1.0,si,0,1.0,1.0,si,ok,transpose_matrix,transpose_matrix,1,10,1,1,0.1,1.0,1.0,text-embedding-3-small,1536,1.0000000000000002,1.0000000000000002
submission207.py,submission208.py,1,1,,True,1.0,1.0,1.0,1.0,0.0,0.0,1.0,1.0,1.0,1.0,1.0,0,1.0,si,0,1.0,1.0,si,ok,celsius_to_fahrenheit,celsius_to_fahrenheit,1,10,5,5,0.5,1.0,1.0,text-embedding-3-small,1536,0.9999999999999999,0.9999999999999999
submission209.py,submission210.py,1,1,,True,1.0,1.0,1.0,1.0,0.0,0.0,1.0,1.0,1.0,1.0,1.0,0,1.0,si,0,1.0,1.0,si,ok,linear_search,linear_search,2,7,5,5,0.7142857142857143,1.0,1.0,text-embedding-3-small,1536,1.0,1.0
submission211.py,submission212.py,1,1,,True,1.0,1.0,0.9999999999999999,1.0,0.0,0.0,0.9999999999999998,1.0,1.0,1.0,1.0,0,1.0,si,0,1.0,1.0,si,ok,sum_of_digits,sum_of_digits,1,10,5,5,0.5,1.0,1.0,text-embedding-3-small,1536,1.0,1.0
submission213.py,submission214.py,1,1,,True,1.0,1.0,1.0,1.0,0.0,0.0,1.0,1.0,1.0,1.0,1.0,0,1.0,si,0,1.0,1.0,si,ok,is_leap_year,is_leap_year,1,10,5,5,0.5,1.0,1.0,text-embedding-3-small,1536,1.0,1.0
submission215.py,submission216.py,1,1,,True,1.0,1.0,1.0000000000000002,1.0,0.0,0.0,1.0,1.0,1.0,1.0,1.0,0,1.0,si,0,1.0,1.0,si,ok,greatest_common_divisor,greatest_common_divisor,2,7,2,2,0.2857142857142857,1.0,1.0,text-embedding-3-small,1536,1.0,1.0
submission217.py,submission218.py,1,1,,True,1.0,1.0,0.9999999999999998,1.0,0.0,0.0,0.9999999999999998,1.0,1.0,1.0,1.0,0,1.0,si,0,1.0,1.0,si,ok,is_sorted,is_sorted,1,10,5,5,0.5,1.0,1.0,text-embedding-3-small,1536,1.0,1.0
submission219.py,submission220.py,1,1,,True,1.0,1.0,1.0000000000000002,1.0,0.0,0.0,1.0,1.0,1.0,1.0,1.0,0,1.0,si,0,1.0,1.0,si,ok,factorial,factorial,1,10,4,4,0.4,1.0,1.0,text-embedding-3-small,1536,1.0000000000000002,1.0000000000000002
submission221.py,submission222.py,1,1,,True,1.0,1.0,0.9999999999999999,1.0,0.0,0.0,0.9999999999999998,1.0,1.0,1.0,1.0,0,1.0,si,0,1.0,1.0,si,ok,count_above_threshold,count_above_threshold,2,7,4,4,0.5714285714285714,1.0,1.0,text-embedding-3-small,1536,1.0000000000000002,1.0000000000000002
submission223.py,submission224.py,1,1,,True,1.0,1.0,1.0,1.0,0.0,0.0,1.0,1.0,1.0,1.0,1.0,0,1.0,si,0,1.0,1.0,si,ok,merge_sorted_lists,merge_sorted_lists,2,7,3,3,0.42857142857142855,1.0,1.0,text-embedding-3-small,1536,1.0000000000000002,1.0000000000000002
submission225.py,submission226.py,1,1,,True,1.0,1.0,1.0000000000000002,1.0,0.0,0.0,1.0,1.0,1.0,1.0,1.0,0,1.0,si,0,1.0,1.0,si,ok,second_largest,second_largest,1,10,4,4,0.4,1.0,1.0,text-embedding-3-small,1536,0.9999999999999998,0.9999999999999998
submission227.py,submission228.py,1,1,,True,1.0,1.0,1.0,1.0,0.0,0.0,1.0,1.0,1.0,1.0,1.0,0,1.0,si,0,1.0,1.0,si,ok,multiplication_table,multiplication_table,2,7,4,4,0.5714285714285714,1.0,1.0,text-embedding-3-small,1536,1.0,1.0
submission229.py,submission230.py,1,1,,True,1.0,1.0,1.0,1.0,0.0,0.0,1.0,1.0,1.0,1.0,1.0,0,1.0,si,0,1.0,1.0,si,ok,list_intersection,list_intersection,2,7,3,3,0.42857142857142855,1.0,1.0,text-embedding-3-small,1536,1.0000000000000002,1.0000000000000002
submission231.py,submission232.py,1,1,,True,1.0,1.0,1.0,1.0,0.0,0.0,1.0,1.0,1.0,1.0,1.0,0,1.0,si,0,1.0,1.0,si,ok,is_perfect_number,is_perfect_number,1,10,5,5,0.5,1.0,1.0,text-embedding-3-small,1536,1.0,1.0
submission233.py,submission234.py,1,1,,True,1.0,1.0,1.0,1.0,0.0,0.0,1.0,1.0,1.0,1.0,1.0,0,1.0,si,0,1.0,1.0,si,ok,caesar_cipher,caesar_cipher,2,7,0,0,0.0,0.0,0.25,text-embedding-3-small,1536,1.0000000000000002,1.0000000000000002
submission235.py,submission236.py,1,1,,True,1.0,1.0,1.0,1.0,0.0,0.0,1.0,1.0,1.0,1.0,1.0,0,1.0,si,0,1.0,1.0,si,ok,calculate_bmi,calculate_bmi,2,7,2,2,0.2857142857142857,1.0,1.0,text-embedding-3-small,1536,1.0000000000000002,1.0000000000000002
submission237.py,submission238.py,1,1,,True,1.0,1.0,1.0,1.0,0.0,0.0,1.0,1.0,1.0,1.0,1.0,0,1.0,si,0,1.0,1.0,si,ok,find_pairs_with_sum,find_pairs_with_sum,2,7,2,2,0.2857142857142857,1.0,1.0,text-embedding-3-small,1536,0.9999999999999998,0.9999999999999998
submission239.py,submission240.py,1,1,,True,1.0,1.0,1.0000000000000002,1.0,0.0,0.0,1.0,1.0,1.0,1.0,1.0,0,1.0,si,0,1.0,1.0,si,ok,decimal_to_binary,decimal_to_binary,1,10,5,5,0.5,1.0,1.0,text-embedding-3-small,1536,1.0000000000000002,1.0000000000000002
submission241.py,submission242.py,1,1,,True,1.0,1.0,0.9999999999999998,1.0,0.0,0.0,0.9999999999999998,1.0,1.0,1.0,1.0,0,1.0,si,0,1.0,1.0,si,ok,insertion_sort,insertion_sort,1,10,4,4,0.4,1.0,1.0,text-embedding-3-small,1536,1.0000000000000002,1.0000000000000002
submission243.py,submission244.py,1,1,,True,1.0,1.0,0.9999999999999998,1.0,0.0,0.0,0.9999999999999998,1.0,1.0,1.0,1.0,0,1.0,si,0,1.0,1.0,si,ok,is_armstrong_number,is_armstrong_number,1,10,4,4,0.4,1.0,1.0,text-embedding-3-small,1536,1.0,1.0
submission245.py,submission246.py,1,1,,True,1.0,1.0,0.9999999999999999,1.0,0.0,0.0,0.9999999999999998,1.0,1.0,1.0,1.0,0,1.0,si,0,1.0,1.0,si,ok,count_lines_with_keyword,count_lines_with_keyword,2,7,2,2,0.2857142857142857,1.0,1.0,text-embedding-3-small,1536,1.0000000000000002,1.0000000000000002
submission247.py,submission248.py,1,1,,True,1.0,1.0,1.0,1.0,0.0,0.0,1.0,1.0,1.0,1.0,1.0,0,1.0,si,0,1.0,1.0,si,ok,diagonal_sum,diagonal_sum,1,10,1,1,0.1,1.0,1.0,text-embedding-3-small,1536,1.0,1.0
submission249.py,submission250.py,1,1,,True,1.0,1.0,1.0,1.0,0.0,0.0,1.0,1.0,1.0,1.0,1.0,0,1.0,si,0,1.0,1.0,si,ok,format_minutes,format_minutes,1,10,5,5,0.5,1.0,1.0,text-embedding-3-small,1536,0.9999999999999998,0.9999999999999998
submission251.py,submission252.py,1,1,,True,1.0,1.0,0.9999999999999999,1.0,0.0,0.0,0.9999999999999998,1.0,1.0,1.0,1.0,0,1.0,si,0,1.0,1.0,si,ok,detect_capital_use,detect_capital_use,1,10,1,1,0.1,1.0,1.0,text-embedding-3-small,1536,1.0,1.0
submission253.py,submission254.py,1,1,,True,1.0,1.0,1.0,1.0,0.0,0.0,1.0,1.0,1.0,1.0,1.0,0,1.0,si,0,1.0,1.0,si,ok,compound_interest,compound_interest,4,1,0,0,0.0,0.0,0.25,text-embedding-3-small,1536,1.0000000000000002,1.0000000000000002
submission255.py,submission256.py,1,1,,True,1.0,1.0,1.0,1.0,0.0,0.0,1.0,1.0,1.0,1.0,1.0,0,1.0,si,0,1.0,1.0,si,ok,find_mode,find_mode,1,10,6,6,0.6,1.0,1.0,text-embedding-3-small,1536,1.0,1.0
submission257.py,submission258.py,1,1,,True,1.0,1.0,0.9999999999999998,1.0,0.0,0.0,0.9999999999999998,1.0,1.0,1.0,1.0,0,1.0,si,0,1.0,1.0,si,ok,run_length_encoding,run_length_encoding,1,10,3,3,0.3,1.0,1.0,text-embedding-3-small,1536,1.0,1.0
submission259.py,submission260.py,1,1,,True,1.0,1.0,1.0,1.0,0.0,0.0,1.0,1.0,1.0,1.0,1.0,0,1.0,si,0,1.0,1.0,si,ok,contains_substring,contains_substring,2,7,3,3,0.42857142857142855,1.0,1.0,text-embedding-3-small,1536,1.0,1.0
submission261.py,submission262.py,1,1,,True,1.0,1.0,1.0,1.0,0.0,0.0,1.0,1.0,1.0,1.0,1.0,0,1.0,si,0,1.0,1.0,si,ok,roman_to_int,roman_to_int,1,10,1,1,0.1,1.0,1.0,text-embedding-3-small,1536,1.0,1.0
submission263.py,submission264.py,1,1,,True,1.0,1.0,1.0,1.0,0.0,0.0,1.0,1.0,1.0,1.0,1.0,0,1.0,si,0,1.0,1.0,si,ok,selection_sort,selection_sort,1,10,4,4,0.4,1.0,1.0,text-embedding-3-small,1536,0.9999999999999998,0.9999999999999998
submission265.py,submission266.py,1,1,,True,1.0,1.0,1.0,1.0,0.0,0.0,1.0,1.0,1.0,1.0,1.0,0,1.0,si,0,1.0,1.0,si,ok,filter_primes,filter_primes,1,10,4,4,0.4,1.0,1.0,text-embedding-3-small,1536,1.0000000000000002,1.0000000000000002
submission267.py,submission268.py,1,1,,True,1.0,1.0,1.0000000000000002,1.0,0.0,0.0,1.0,1.0,1.0,1.0,1.0,0,1.0,si,0,1.0,1.0,si,ok,generate_subsets,generate_subsets,1,10,5,5,0.5,1.0,1.0,text-embedding-3-small,1536,0.9999999999999999,0.9999999999999999
submission269.py,submission270.py,1,1,,True,1.0,1.0,1.0,1.0,0.0,0.0,1.0,1.0,1.0,1.0,1.0,0,1.0,si,0,1.0,1.0,si,ok,find_missing_number,find_missing_number,2,7,2,2,0.2857142857142857,1.0,1.0,text-embedding-3-small,1536,1.0000000000000002,1.0000000000000002
submission271.py,submission272.py,1,1,,True,1.0,1.0,1.0000000000000002,1.0,0.0,0.0,1.0,1.0,1.0,1.0,1.0,0,1.0,si,0,1.0,1.0,si,ok,is_valid_parentheses,is_valid_parentheses,1,10,5,5,0.5,1.0,1.0,text-embedding-3-small,1536,1.0,1.0
submission273.py,submission274.py,1,1,,True,1.0,1.0,1.0000000000000002,1.0,0.0,0.0,1.0,1.0,1.0,1.0,1.0,0,1.0,si,0,1.0,1.0,si,ok,generate_pascals_triangle,generate_pascals_triangle,1,10,5,5,0.5,1.0,1.0,text-embedding-3-small,1536,0.9999999999999998,0.9999999999999998
submission275.py,submission276.py,1,1,,True,1.0,1.0,1.0,1.0,0.0,0.0,1.0,1.0,1.0,1.0,1.0,0,1.0,si,0,1.0,1.0,si,ok,dijkstra,dijkstra,2,7,0,0,0.0,0.0,0.25,text-embedding-3-small,1536,0.9999999999999999,0.9999999999999999
submission277.py,submission278.py,1,1,,True,1.0,1.0,0.9999999999999998,1.0,0.0,0.0,0.9999999999999998,1.0,1.0,1.0,1.0,0,1.0,si,0,1.0,1.0,si,ok,longest_common_subsequence,longest_common_subsequence,2,7,3,3,0.42857142857142855,1.0,1.0,text-embedding-3-small,1536,1.0000000000000002,1.0000000000000002
submission279.py,submission280.py,1,1,,True,1.0,1.0,1.0,1.0,0.0,0.0,1.0,1.0,1.0,1.0,1.0,0,1.0,si,0,1.0,1.0,si,ok,kmp_search,kmp_search,2,7,3,3,0.42857142857142855,1.0,1.0,text-embedding-3-small,1536,0.9999999999999998,0.9999999999999998
submission281.py,submission282.py,1,3,,False,0.8059701492537313,0.5714285714285714,0.9426866733668646,0.9319727891156463,1.9252582747169187,3.0307987838604924,0.6981329723935354,0.5909090909090909,0.7457627118644068,0.7352941176470589,0.8888888888888888,20,0.4117647058823529,si,13,0.6176470588235294,0.6890996203309265,si,ok,find_index,find_index,2,7,5,5,0.7142857142857143,1.0,1.0,text-embedding-3-small,1536,0.9286256462832949,0.9286256462832949
submission283.py,submission284.py,1,3,,False,0.7419354838709677,0.75,0.9233005193553655,0.9598639455782313,2.07833596964076,1.2447833808020232,0.7691068546613316,0.8461538461538461,0.9375,1.0,1.0,5,0.6875,si,3,0.8125,0.8973557692307692,si,ok,is_even,is_even,1,10,5,5,0.5,1.0,1.0,text-embedding-3-small,1536,0.9898158511559609,0.9898158511559609
submission285.py,submission286.py,1,3,,False,0.5517241379310345,0.6666666666666666,0.915307840695012,0.9084724799010513,2.1817803132040905,2.6715347070338473,0.7146527629057222,0.4444444444444444,0.45,0.6,0.8888888888888888,24,0.040000000000000036,si,19,0.24,0.4522777777777778,si,ok,get_cubes,get_cubes,1,10,5,5,0.5,1.0,1.0,text-embedding-3-small,1536,0.7602176449887195,0.7602176449887195
submission287.py,submission288.py,1,3,,False,0.6798029556650246,0.6923076923076923,0.8853279340521983,0.9555677655677656,1.9201484576822418,3.8997639067995857,0.715555709395617,0.6666666666666666,0.5714285714285714,0.8529411764705882,0.875,24,0.2941176470588235,si,13,0.6176470588235294,0.6769257703081233,si,ok,min_of_three,min_of_three,3,1,1,1,1.0,1.0,1.0,text-embedding-3-small,1536,0.9581741659341722,0.9581741659341722
submission289.py,submission290.py,1,3,,False,0.6979166666666666,0.5,0.9111284623300271,0.9642670254915153,3.245823878333063,3.4268906343616017,0.6623136049467127,0.5294117647058824,0.5714285714285714,0.48484848484848486,0.75,24,0.2727272727272727,si,19,0.4242424242424242,0.5237394957983192,si,ok,sum_list,sum_list,1,10,4,4,0.4,1.0,1.0,text-embedding-3-small,1536,0.9263861696749918,0.9263861696749918
submission291.py,submission292.py,1,3,,False,0.7865168539325843,0.8125,0.9184681863612078,0.9399416909620991,0.9041392785854089,1.572432237120789,0.7966328898851535,0.631578947368421,0.7391304347826086,0.9166666666666666,0.8888888888888888,25,0.0,si,12,0.5,0.6874872870582253,si,ok,count_evens,count_evens,1,10,4,4,0.4,1.0,1.0,text-embedding-3-small,1536,0.9431447097954718,0.9431447097954718
submission293.py,submission294.py,1,3,,False,0.7796610169491526,0.75,0.9476672974178613,0.9107142857142857,1.05150408966876,1.7809003946471953,0.7742175743073066,0.8333333333333334,0.9375,1.0,1.0,5,0.6875,si,3,0.8125,0.8947916666666667,si,ok,check_length,check_length,2,7,2,2,0.2857142857142857,1.0,1.0,text-embedding-3-small,1536,0.9629510682823371,0.9629510682823371
submission295.py,submission296.py,1,3,,False,0.7865168539325843,0.47058823529411764,0.8913949595990919,0.9175574991901523,3.6748729346175133,4.116348819344681,0.6329593784064019,0.47368421052631576,0.6086956521739131,0.9166666666666666,0.8571428571428572,17,0.29166666666666663,si,13,0.45833333333333337,0.6076250408630272,si,ok,compute_factorial,compute_factorial,1,10,5,5,0.5,1.0,1.0,text-embedding-3-small,1536,0.9217014949183535,0.9217014949183535
submission297.py,submission298.py,1,3,,False,0.7559055118110236,0.8333333333333334,0.9240699594803881,0.891156462585034,0.1859222525069465,2.1864133942570256,0.7969365652641007,0.7857142857142857,0.8125,0.8823529411764706,1.0,11,0.3529411764705882,si,5,0.7058823529411764,0.8043855042016806,si,ok,get_absolute,get_absolute,1,10,5,5,0.5,1.0,1.0,text-embedding-3-small,1536,0.9650498476186135,0.9650498476186135
submission299.py,submission300.py,1,3,,False,0.7521367521367521,0.7647058823529411,0.9658321036192496,0.9486556527372854,1.0123177464939017,1.3357287271003158,0.8008878631942304,0.7058823529411765,0.7636363636363637,0.7741935483870968,1.0,15,0.5161290322580645,si,12,0.6129032258064516,0.7320855614973262,si,ok,find_minimum,find_minimum,1,10,4,4,0.4,1.0,1.0,text-embedding-3-small,1536,0.9601893662198433,0.9601893662198433
submission301.py,submission302.py,1,3,,False,0.6602870813397129,0.5263157894736842,0.8833784980399398,0.8925122496551068,2.049167085651537,4.485562961443731,0.6482780650628552,0.5263157894736842,0.5384615384615384,0.48571428571428577,0.875,25,0.2857142857142857,si,21,0.4,0.5202356853672643,si,ok,contains_item,contains_item,2,7,5,5,0.7142857142857143,1.0,1.0,text-embedding-3-small,1536,0.9326268262884408,0.9326268262884408
submission303.py,submission304.py,1,3,,False,0.6338797814207651,0.6923076923076923,0.9476127772402974,0.8982831227729187,3.0641686251915443,0.22484398026450542,0.7472612484343865,0.7142857142857143,0.6111111111111112,0.7142857142857143,1.0,12,0.4285714285714286,si,10,0.5238095238095238,0.6599206349206349,si,ok,join_words,join_words,1,10,2,2,0.2,1.0,1.0,text-embedding-3-small,1536,0.9495563141051253,0.9495563141051253
submission305.py,submission306.py,1,3,,False,0.8465608465608465,0.7692307692307693,0.8840635443890121,0.9479105928085519,2.626281711570669,1.7811777761120529,0.7479976508953362,0.7333333333333333,0.7555555555555555,0.9565217391304348,0.875,20,0.13043478260869568,si,11,0.5217391304347826,0.7230555555555556,si,ok,rectangle_area,rectangle_area,2,7,2,2,0.2857142857142857,1.0,1.0,text-embedding-3-small,1536,0.9689874599499629,0.9689874599499629
submission307.py,submission308.py,1,3,,True,1.0,1.0,1.0,1.0,0.0,0.0,1.0,1.0,1.0,1.0,1.0,0,1.0,si,0,1.0,1.0,si,ok,sum_squares,sum_squares,1,10,5,5,0.5,1.0,1.0,text-embedding-3-small,1536,1.0,1.0
submission309.py,submission310.py,1,3,,False,0.7368421052631579,0.8333333333333334,0.915633126494683,0.9242954324586977,2.3621154512795006,0.18103399918084187,0.7975936737218161,0.8571428571428571,0.6818181818181818,0.76,1.0,14,0.43999999999999995,si,10,0.6,0.7358831168831168,si,ok,apply_tax,apply_tax,1,10,5,4,0.5,0.8,0.8,text-embedding-3-small,1536,0.9650023145879396,0.9650023145879396
submission311.py,submission312.py,1,3,,False,0.6258503401360545,0.6428571428571429,0.7862837969176724,0.8973760932944607,2.3003338769074797,2.7972679242740157,0.6645745647384709,0.4444444444444444,0.3888888888888889,0.8,0.7777777777777778,18,0.09999999999999998,si,10,0.5,0.5338888888888889,si,ok,has_negative,has_negative,1,10,4,4,0.4,1.0,1.0,text-embedding-3-small,1536,0.9212811589551275,0.9212811589551275
submission313.py,submission314.py,1,3,,False,0.6960352422907489,0.7272727272727273,0.8251758505258149,1.0,3.512975668611358,2.260942720724571,0.7171886766587728,0.8181818181818182,0.8888888888888888,1.0,0.75,29,0.0,si,7,0.7407407407407407,0.8330808080808081,si,ok,get_grade,get_grade,1,10,5,5,0.5,1.0,1.0,text-embedding-3-small,1536,0.9647329501235914,0.9647329501235914
submission315.py,submission316.py,1,3,,False,0.591304347826087,0.5263157894736842,0.8487069842747963,0.9221873364730507,2.0993589051678327,5.111636134167411,0.6403706608808436,0.5714285714285714,0.5517241379310345,0.4871794871794872,0.8888888888888888,27,0.3076923076923077,si,23,0.41025641025641024,0.5372594838112079,si,ok,first_seven_multiplier,first_seven_multiplier,1,10,4,4,0.4,1.0,1.0,text-embedding-3-small,1536,0.9288974251314189,0.9288974251314189
submission317.py,submission318.py,1,3,,False,0.6968325791855203,0.7058823529411765,0.952371535012785,0.8757122507122507,1.803392678143961,1.5711245354378078,0.7470439061135659,0.4,0.5909090909090909,0.76,0.9,26,0.0,si,15,0.4,0.5517272727272727,si,ok,filter_long_words,filter_long_words,2,7,0,0,0.0,0.0,0.25,text-embedding-3-small,1536,0.905206545984136,0.905206545984136
submission319.py,submission320.py,1,3,,False,0.5853658536585366,0.8,0.948460172466489,0.8996819507023589,2.2037507995464742,0.1792120635773444,0.7957369080458089,0.47058823529411764,0.5652173913043478,0.7037037037037037,0.8888888888888888,30,0.0,si,19,0.2962962962962963,0.5187553282182438,si,ok,make_zero_matrix,make_zero_matrix,2,7,2,2,0.2857142857142857,1.0,1.0,text-embedding-3-small,1536,0.9490670122275805,0.9490670122275805
submission321.py,submission322.py,1,3,,False,0.7897435897435897,0.6923076923076923,0.8819884162007735,0.8822751322751323,2.259801300145411,2.259801300145411,0.7100972918045525,0.6153846153846154,0.7142857142857143,0.8666666666666667,1.0,11,0.2666666666666667,si,8,0.4666666666666667,0.6716483516483517,si,ok,get_user_email,get_user_email,1,10,0,0,0.0,0.0,0.0,text-embedding-3-small,1536,0.9242930285512883,0.9242930285512883
submission323.py,submission324.py,1,3,,False,0.7486033519553073,0.5625,0.9173962147989682,0.9089731130547457,2.6001174074647273,2.90459859434562,0.6790633054453008,0.5294117647058824,0.6521739130434783,0.7037037037037037,0.8571428571428572,16,0.40740740740740744,si,13,0.5185185185185186,0.615751228027443,si,ok,calculate_power,calculate_power,2,7,2,2,0.2857142857142857,1.0,1.0,text-embedding-3-small,1536,0.9423622785855695,0.9423622785855695
submission325.py,submission326.py,1,3,,False,0.9090909090909091,0.7333333333333333,0.9746946416340141,0.9715522572665429,0.7982913839239372,1.844126244881059,0.7928808465858653,0.7058823529411765,0.8627450980392157,0.8888888888888888,1.0,11,0.5925925925925926,si,7,0.7407407407407407,0.8124183006535948,si,ok,keep_vowels,keep_vowels,1,10,2,2,0.2,1.0,1.0,text-embedding-3-small,1536,0.9767007330229597,0.9767007330229597
submission327.py,submission328.py,1,3,,False,0.6609195402298851,0.7647058823529411,0.9720194059738048,0.9430272108843537,0.12801522077280597,1.7406267509920026,0.8130184844755064,0.7777777777777778,0.7228915662650602,0.6274509803921569,0.9,27,0.47058823529411764,si,23,0.5490196078431373,0.6851019765335853,si,ok,flatten_coordinates,flatten_coordinates,1,10,2,2,0.2,1.0,1.0,text-embedding-3-small,1536,0.8698316483110184,0.8698316483110184
submission329.py,submission330.py,1,3,,False,0.8807339449541285,0.7222222222222222,0.9580667544419315,0.9516079158936301,1.2272343878262817,1.4343345331509303,0.7802162963490323,0.75,0.84375,0.8285714285714285,0.875,20,0.4285714285714286,si,8,0.7714285714285715,0.8041517857142858,si,ok,safe_factorial,safe_factorial,1,10,5,5,0.5,1.0,1.0,text-embedding-3-small,1536,0.970896531170484,0.970896531170484
